URL,Status,Response Code,Protocol,Method,Content-Type,Client Address,Client Port,Remote Address,Remote Port,Exception,Request Start Time,Request End Time,Response Start Time,Response End Time,Duration (ms),DNS Duration (ms),Connect Duration (ms),SSL Duration (ms),Request Duration (ms),Response Duration (ms),Latency (ms),Speed (KB/s),Request Speed (KB/s),Response Speed (KB/s),Request Handshake Size (bytes),Request Header Size (bytes),Request Body Size (bytes),Response Handshake Size (bytes),Response Header Size (bytes),Response Body Size (bytes),Request Compression,Response Compression
https://www.googleapis.com,RECEIVING_REQUEST_BODY,200,https,CONNECT,,/127.0.0.1,49215,www.googleapis.com/172.217.160.170,443,,01 Nov 2023 12:20:14,,,,876803,56,32,88,,,,1.8027344,,,1122,0,1063471,272,0,554028,,
https://www.googleapis.com,RECEIVING_RESPONSE_BODY,200,https,CONNECT,,/127.0.0.1,49219,www.googleapis.com/172.217.160.170,443,,01 Nov 2023 12:20:19,,,,872431,2,23,88,,,,1.8769531,,,1122,0,1131050,272,0,544507,,
https://www.googleapis.com,RECEIVING_RESPONSE_BODY,200,https,CONNECT,,/127.0.0.1,49233,www.googleapis.com/172.217.160.170,443,,01 Nov 2023 12:20:21,,,,869873,4,23,87,,,,1.8896484,,,1122,0,1170765,272,0,511755,,
https://www.googleapis.com,RECEIVING_RESPONSE_BODY,200,https,CONNECT,,/127.0.0.1,49235,www.googleapis.com/172.217.167.170,443,,01 Nov 2023 12:20:22,,,,869048,3,27,98,,,,1.9433594,,,1122,0,1152497,272,0,576307,,
https://www.googleapis.com,RECEIVING_RESPONSE_BODY,200,https,CONNECT,,/127.0.0.1,49237,www.googleapis.com/172.217.160.170,443,,01 Nov 2023 12:20:23,,,,867695,2,28,90,,,,1.578125,,,1122,0,924549,272,0,477090,,
https://www.googleapis.com,RECEIVING_RESPONSE_BODY,200,https,CONNECT,,/127.0.0.1,49247,www.googleapis.com/172.217.160.170,443,,01 Nov 2023 12:20:28,,,,862546,2,22,85,,,,1.7636719,,,1122,0,1017990,272,0,539105,,
https://www.googleapis.com,COMPLETE,200,https,CONNECT,,/127.0.0.1,49275,www.googleapis.com/172.217.160.170,443,,01 Nov 2023 12:20:32,,,01 Nov 2023 12:31:56,684872,2,21,85,,,,1.7158203,,,1122,0,790062,272,0,412359,,
https://ssl.gstatic.com,RECEIVING_REQUEST_BODY,200,https,CONNECT,,/127.0.0.1,49283,ssl.gstatic.com/142.250.183.195,443,,01 Nov 2023 12:20:33,,,,858289,1,30,91,,,,0.021484375,,,1040,0,4744,260,0,13454,,
https://www.googleapis.com,RECEIVING_RESPONSE_BODY,200,https,CONNECT,,/127.0.0.1,49285,www.googleapis.com/172.217.160.170,443,,01 Nov 2023 12:20:34,,,,856667,4,25,90,,,,1.9785156,,,1122,0,1166325,272,0,568005,,
https://www.googleapis.com,RECEIVING_RESPONSE_BODY,200,https,CONNECT,,/127.0.0.1,49294,www.googleapis.com/172.217.160.170,443,,01 Nov 2023 12:20:37,,,,853567,2,23,88,,,,2.0078125,,,1122,0,1158368,272,0,595659,,
https://www.googleapis.com,RECEIVING_RESPONSE_BODY,200,https,CONNECT,,/127.0.0.1,49298,www.googleapis.com/172.217.160.170,443,,01 Nov 2023 12:20:40,,,,851238,2,22,87,,,,1.7587891,,,1122,0,1027680,272,0,504613,,
https://www.googleapis.com,RECEIVING_REQUEST_BODY,200,https,CONNECT,,/127.0.0.1,49304,www.googleapis.com/172.217.160.170,443,,01 Nov 2023 12:20:48,,,,843347,2,23,90,,,,1.8408203,,,1122,0,1049335,272,0,539038,,
https://www.googleapis.com,RECEIVING_RESPONSE_BODY,200,https,CONNECT,,/127.0.0.1,49312,www.googleapis.com/172.217.160.170,443,,01 Nov 2023 12:20:50,,,,841210,1,23,83,,,,1.7050781,,,1122,0,986454,272,0,481286,,
https://signaler-pa.clients6.google.com,RECEIVING_RESPONSE_BODY,200,https,CONNECT,,/127.0.0.1,49314,signaler-pa.clients6.google.com/142.251.42.42,443,,01 Nov 2023 12:20:50,,,,841193,1,22,95,,,,0.04296875,,,1040,0,14334,260,0,22054,,
https://www.googleapis.com,RECEIVING_RESPONSE_BODY,200,https,CONNECT,,/127.0.0.1,49345,www.googleapis.com/172.217.160.170,443,,01 Nov 2023 12:21:00,,,,831284,2,27,92,,,,1.8242188,,,1122,0,1040512,272,0,511689,,
https://play.google.com,RECEIVING_REQUEST_BODY,200,https,CONNECT,,/127.0.0.1,49353,play.google.com/142.250.199.142,443,,01 Nov 2023 12:21:03,,,,827494,3,27,95,,,,0.36328125,,,1040,0,280922,260,0,26295,,
https://www.googleapis.com,COMPLETE,200,https,CONNECT,,/127.0.0.1,49411,www.googleapis.com/172.217.160.170,443,,01 Nov 2023 12:21:57,,,01 Nov 2023 12:32:02,604921,2,21,82,,,,1.7519531,,,1122,0,720023,272,0,364017,,
https://android.googleapis.com,RECEIVING_REQUEST_BODY,200,https,CONNECT,,/192.168.1.174,42240,android.googleapis.com/142.250.183.138,443,,01 Nov 2023 12:23:06,,,,705288,40,20,100,,,,0.85058594,,,1568,0,464098,272,0,149022,,
https://www.googleapis.com,RECEIVING_REQUEST_BODY,200,https,CONNECT,,/127.0.0.1,49558,www.googleapis.com/172.217.166.170,443,,01 Nov 2023 12:24:31,,,,619906,2,22,95,,,,1.8935547,,,1122,0,760924,272,0,440051,,
https://android.googleapis.com,COMPLETE,200,https,CONNECT,,/192.168.1.174,40298,android.googleapis.com/142.250.183.138,443,,01 Nov 2023 12:25:07,,,01 Nov 2023 12:29:07,240430,2,23,107,,,,0.025390625,,,1568,0,,272,0,2280,,
https://infinitedata-pa.googleapis.com,RECEIVING_REQUEST_BODY,200,https,CONNECT,,/192.168.1.174,40324,infinitedata-pa.googleapis.com/142.250.192.106,443,,01 Nov 2023 12:25:09,,,,582257,52,20,105,,,,0.0625,,,1608,0,6958,372,0,28884,,
https://app-measurement.com,COMPLETE,200,https,CONNECT,,/192.168.1.174,41632,app-measurement.com/142.250.76.206,443,,01 Nov 2023 12:25:19,,,01 Nov 2023 12:29:19,240635,42,21,103,,,,0.033203125,,,1608,0,,390,0,,,
https://federatedcompute-pa.googleapis.com,COMPLETE,200,https,CONNECT,,/192.168.1.174,37172,federatedcompute-pa.googleapis.com/142.250.183.138,443,,01 Nov 2023 12:25:27,,,01 Nov 2023 12:31:54,387542,52,22,236,,,,0.026367188,,,1040,0,,260,0,,,
https://www.google.com,COMPLETE,200,https,CONNECT,,/192.168.1.174,48612,www.google.com/142.250.183.164,443,,01 Nov 2023 12:25:59,,,01 Nov 2023 12:29:20,200722,2,27,124,,,,0.045898438,,,1040,0,,260,0,,,
https://android.googleapis.com,COMPLETE,200,https,CONNECT,,/192.168.1.174,48626,android.googleapis.com/142.250.183.138,443,,01 Nov 2023 12:25:59,,,01 Nov 2023 12:34:36,517055,2,26,176,,,,0.09667969,,,1568,0,35512,272,0,14108,,
https://android.googleapis.com,COMPLETE,200,https,CONNECT,,/192.168.1.174,48638,android.googleapis.com/142.250.182.202,443,,01 Nov 2023 12:25:59,,,01 Nov 2023 12:30:00,240448,1,19,206,,,,0.036132812,,,1568,0,,272,0,3173,,
https://chat.openai.com,COMPLETE,200,https,CONNECT,,/127.0.0.1,49805,chat.openai.com/172.64.150.28,443,,01 Nov 2023 12:27:21,,,01 Nov 2023 12:31:23,241922,61,21,34,,,,1.7988281,,,1040,0,20673,260,0,,,
https://featuregates.org,COMPLETE,200,https,CONNECT,,/127.0.0.1,49807,featuregates.org/34.120.214.181,443,,01 Nov 2023 12:27:22,,,01 Nov 2023 12:31:23,240841,87,27,35,,,,0.09667969,,,1040,0,2535,260,0,,,
https://tcr9i.chat.openai.com,COMPLETE,200,https,CONNECT,,/127.0.0.1,49809,tcr9i.chat.openai.com/172.64.154.86,443,,01 Nov 2023 12:27:23,,,01 Nov 2023 12:31:23,240602,45,24,43,,,,0.083984375,,,1040,0,10947,260,0,,,
https://events.statsigapi.net,COMPLETE,200,https,CONNECT,,/127.0.0.1,49817,events.statsigapi.net/34.120.214.181,443,,01 Nov 2023 12:27:31,,,01 Nov 2023 12:31:23,231879,49,20,33,,,,0.03515625,,,1040,0,1382,260,0,,,
https://fcmconnection.googleapis.com,COMPLETE,200,https,CONNECT,,/127.0.0.1,49821,fcmconnection.googleapis.com/172.217.174.234,443,,01 Nov 2023 12:27:37,,,01 Nov 2023 12:33:26,349354,40,21,95,,,,0.01171875,,,1142,0,1354,272,0,1741,,
https://www.googleapis.com,COMPLETE,200,https,CONNECT,,/127.0.0.1,49823,www.googleapis.com/142.250.66.10,443,,01 Nov 2023 12:27:37,,,01 Nov 2023 12:32:07,269354,5,21,84,,,,0.07421875,,,1122,0,9739,272,0,9586,,
https://www.googleapis.com,COMPLETE,200,https,CONNECT,,/127.0.0.1,49824,www.googleapis.com/142.251.42.42,443,,01 Nov 2023 12:27:37,,,01 Nov 2023 12:32:07,269389,8,21,83,,,,0.043945312,,,1122,0,4951,272,0,5862,,
https://api-glb-aaps1b.smoot.apple.com,COMPLETE,200,https,CONNECT,,/127.0.0.1,49827,api-glb-aaps1b.smoot.apple.com/13.127.122.28,443,,01 Nov 2023 12:27:49,,,01 Nov 2023 12:29:50,120782,124,38,60,,,,0.06738281,,,1040,0,850,260,0,6215,,
https://help.apple.com,COMPLETE,200,https,CONNECT,,/127.0.0.1,49849,help.apple.com/23.212.161.102,443,,01 Nov 2023 12:28:29,,,01 Nov 2023 12:29:00,30994,146,25,63,,,,0.24316406,,,1040,0,527,260,0,,,
https://www.googleapis.com,COMPLETE,200,https,CONNECT,,/192.168.1.174,52986,www.googleapis.com/172.217.160.202,443,,01 Nov 2023 12:28:40,,,01 Nov 2023 12:32:36,235392,2,21,127,,,,0.03125,,,1040,0,643,260,0,,,
https://www.googleapis.com,COMPLETE,200,https,CONNECT,,/192.168.1.174,58214,www.googleapis.com/172.217.160.202,443,,01 Nov 2023 12:28:41,,,01 Nov 2023 12:32:44,242204,3,42,232,,,,0.125,,,919,0,,28370,0,,,
https://www.googleapis.com,COMPLETE,200,https,CONNECT,,/192.168.1.174,58220,www.googleapis.com/142.251.42.10,443,,01 Nov 2023 12:28:42,,,01 Nov 2023 12:34:07,324639,4,36,217,,,,0.5205078,,,1040,0,67286,260,0,104556,,
https://android.googleapis.com,COMPLETE,200,https,CONNECT,,/192.168.1.174,58230,android.googleapis.com/142.250.183.138,443,,01 Nov 2023 12:28:42,,,01 Nov 2023 12:32:44,241570,77,21,129,,,,0.3466797,,,1040,0,,260,0,,,
https://accounts.google.com,COMPLETE,200,https,CONNECT,,/127.0.0.1,49871,accounts.google.com/142.251.42.45,443,,01 Nov 2023 12:28:45,,,01 Nov 2023 12:34:37,351692,51,25,101,,,,0.041015625,,,1040,0,6078,260,0,7474,,
https://connectivitycheck.gstatic.com,RECEIVING_REQUEST_BODY,200,https,CONNECT,,/192.168.1.174,58278,connectivitycheck.gstatic.com/142.250.192.99,443,,01 Nov 2023 12:28:51,,,,360400,3,41,236,,,,0.038085938,,,1040,0,4630,260,0,8260,,
https://play-fe.googleapis.com,RECEIVING_REQUEST_BODY,200,https,CONNECT,,/192.168.1.174,58292,play-fe.googleapis.com/142.250.192.14,443,,01 Nov 2023 12:28:51,,,,360061,3,21,123,,,,2.4580078,,,1040,0,463124,260,0,441882,,
https://play.googleapis.com,RECEIVING_REQUEST_BODY,200,https,CONNECT,,/192.168.1.174,47058,play.googleapis.com/142.250.182.202,443,,01 Nov 2023 12:28:56,,,,354878,4,22,112,,,,0.25097656,,,1040,0,73216,260,0,16948,,
https://play.googleapis.com,RECEIVING_REQUEST_BODY,200,https,CONNECT,,/192.168.1.174,47074,play.googleapis.com/142.250.182.202,443,,01 Nov 2023 12:28:57,,,,354080,5,35,181,,,,0.4267578,,,1040,0,58852,260,0,94621,,
https://rr2---sn-cvh7knsz.gvt1.com,COMPLETE,200,https,CONNECT,,/192.168.1.174,47090,rr2---sn-cvh7knsz.gvt1.com/173.194.14.167,443,,01 Nov 2023 12:28:57,,,01 Nov 2023 12:28:58,453,176,36,109,,,,31.736328,,,1040,0,928,260,0,12494,,
https://rr5---sn-cvh7kn66.gvt1.com,COMPLETE,200,https,CONNECT,,/192.168.1.174,47094,rr5---sn-cvh7kn66.gvt1.com/173.194.154.10,443,,01 Nov 2023 12:28:58,,,01 Nov 2023 12:28:58,256,2,22,152,,,,56.121094,,,1040,0,928,260,0,12484,,
https://accounts.google.com,COMPLETE,200,https,CONNECT,,/192.168.1.174,47102,accounts.google.com/142.251.42.45,443,,01 Nov 2023 12:28:58,,,01 Nov 2023 12:29:20,21019,3,22,117,,,,10.975586,,,1040,0,18956,260,0,215993,,
https://rr3---sn-cvh7knle.gvt1.com,COMPLETE,200,https,CONNECT,,/192.168.1.174,47110,rr3---sn-cvh7knle.gvt1.com/74.125.169.136,443,,01 Nov 2023 12:28:59,,,01 Nov 2023 12:29:03,4330,2,38,66,,,,8434.747,,,1040,0,929,260,0,37396766,,
https://music.youtube.com,BLOCKED,200,https,CONNECT,,/127.0.0.1,49884,music.youtube.com/142.250.66.14,443,com.xk72.proxy.ProxyAbortException: Blocked CONNECT https://music.youtube.com - connection dropped,01 Nov 2023 12:29:00,,,01 Nov 2023 12:29:00,42,2,33,,,,,0.0,,,,0,,,0,,,
https://music.youtube.com,BLOCKED,200,https,CONNECT,,/127.0.0.1,49886,music.youtube.com/142.250.183.142,443,com.xk72.proxy.ProxyAbortException: Blocked CONNECT https://music.youtube.com - connection dropped,01 Nov 2023 12:29:00,,,01 Nov 2023 12:29:00,49,3,43,,,,,0.0,,,,0,,,0,,,
https://music.youtube.com,BLOCKED,200,https,CONNECT,,/127.0.0.1,49888,music.youtube.com/142.250.183.142,443,com.xk72.proxy.ProxyAbortException: Blocked CONNECT https://music.youtube.com - connection dropped,01 Nov 2023 12:29:00,,,01 Nov 2023 12:29:00,41,2,36,,,,,0.0,,,,0,,,0,,,
https://chat.google.com,BLOCKED,200,https,CONNECT,,/127.0.0.1,49890,chat.google.com/142.250.183.174,443,com.xk72.proxy.ProxyAbortException: Blocked CONNECT https://chat.google.com - connection dropped,01 Nov 2023 12:29:02,,,01 Nov 2023 12:29:02,40,2,31,,,,,0.0,,,,0,,,0,,,
https://chat.google.com,BLOCKED,200,https,CONNECT,,/127.0.0.1,49892,chat.google.com/142.250.183.174,443,com.xk72.proxy.ProxyAbortException: Blocked CONNECT https://chat.google.com - connection dropped,01 Nov 2023 12:29:02,,,01 Nov 2023 12:29:02,41,2,36,,,,,0.0,,,,0,,,0,,,
https://chat.google.com,BLOCKED,200,https,CONNECT,,/127.0.0.1,49894,chat.google.com/142.250.183.174,443,com.xk72.proxy.ProxyAbortException: Blocked CONNECT https://chat.google.com - connection dropped,01 Nov 2023 12:29:02,,,01 Nov 2023 12:29:02,41,1,37,,,,,0.0,,,,0,,,0,,,
https://rr5---sn-cvh7kn6s.gvt1.com,COMPLETE,200,https,CONNECT,,/192.168.1.174,54870,rr5---sn-cvh7kn6s.gvt1.com/172.217.141.74,443,,01 Nov 2023 12:29:03,,,01 Nov 2023 12:29:04,512,299,23,51,,,,164.72363,,,1040,0,864,260,0,84199,,
https://rr3---sn-cvh76nl6.gvt1.com,COMPLETE,200,https,CONNECT,,/192.168.1.174,54874,rr3---sn-cvh76nl6.gvt1.com/173.194.154.200,443,,01 Nov 2023 12:29:04,,,01 Nov 2023 12:29:04,151,4,23,51,,,,95.10742,,,1040,0,927,260,0,12479,,
https://rr1---sn-cvhelnls.gvt1.com,COMPLETE,200,https,CONNECT,,/192.168.1.174,54880,rr1---sn-cvhelnls.gvt1.com/172.217.141.134,443,,01 Nov 2023 12:29:04,,,01 Nov 2023 12:29:04,187,51,24,44,,,,76.89746,,,1040,0,927,260,0,12498,,
https://rr3---sn-cvh76nes.gvt1.com,COMPLETE,200,https,CONNECT,,/192.168.1.174,54888,rr3---sn-cvh76nes.gvt1.com/173.194.14.40,443,,01 Nov 2023 12:29:05,,,01 Nov 2023 12:29:05,240,50,37,67,,,,59.882812,,,1040,0,928,260,0,12489,,
https://addons-pa.clients6.google.com,COMPLETE,200,https,CONNECT,,/127.0.0.1,49900,addons-pa.clients6.google.com/142.250.66.10,443,,01 Nov 2023 12:29:05,,,01 Nov 2023 12:32:36,211536,44,38,110,,,,0.07128906,,,1040,0,2316,260,0,11843,,
https://rr1---sn-cvhelnll.gvt1.com,COMPLETE,200,https,CONNECT,,/192.168.1.174,54900,rr1---sn-cvhelnll.gvt1.com/172.217.141.102,443,,01 Nov 2023 12:29:05,,,01 Nov 2023 12:29:05,144,2,25,51,,,,99.84668,,,1040,0,929,260,0,12494,,
https://rr3---sn-cvhelnll.gvt1.com,COMPLETE,200,https,CONNECT,,/192.168.1.174,54914,rr3---sn-cvhelnll.gvt1.com/172.217.141.104,443,,01 Nov 2023 12:29:06,,,01 Nov 2023 12:29:06,577,349,23,123,,,,24.916016,,,1040,0,929,260,0,12493,,
https://rr5---sn-cvh7knzy.gvt1.com,COMPLETE,200,https,CONNECT,,/192.168.1.174,54916,rr5---sn-cvh7knzy.gvt1.com/172.217.140.10,443,,01 Nov 2023 12:29:06,,,01 Nov 2023 12:29:07,184,3,39,62,,,,78.049805,,,1040,0,924,260,0,12482,,
https://chat.google.com,BLOCKED,200,https,CONNECT,,/127.0.0.1,49905,chat.google.com/142.250.183.174,443,com.xk72.proxy.ProxyAbortException: Blocked CONNECT https://chat.google.com - connection dropped,01 Nov 2023 12:29:06,,,01 Nov 2023 12:29:06,41,1,36,,,,,0.0,,,,0,,,0,,,
https://chat.google.com,BLOCKED,200,https,CONNECT,,/127.0.0.1,49907,chat.google.com/142.250.183.174,443,com.xk72.proxy.ProxyAbortException: Blocked CONNECT https://chat.google.com - connection dropped,01 Nov 2023 12:29:06,,,01 Nov 2023 12:29:06,39,1,36,,,,,0.0,,,,0,,,0,,,
https://chat.google.com,BLOCKED,200,https,CONNECT,,/127.0.0.1,49909,chat.google.com/142.250.183.174,443,com.xk72.proxy.ProxyAbortException: Blocked CONNECT https://chat.google.com - connection dropped,01 Nov 2023 12:29:06,,,01 Nov 2023 12:29:07,38,2,34,,,,,0.0,,,,0,,,0,,,
https://chat.google.com,BLOCKED,200,https,CONNECT,,/127.0.0.1,49911,chat.google.com/142.250.183.174,443,com.xk72.proxy.ProxyAbortException: Blocked CONNECT https://chat.google.com - connection dropped,01 Nov 2023 12:29:07,,,01 Nov 2023 12:29:07,41,1,36,,,,,0.0,,,,0,,,0,,,
https://chat.google.com,BLOCKED,200,https,CONNECT,,/127.0.0.1,49913,chat.google.com/142.250.183.174,443,com.xk72.proxy.ProxyAbortException: Blocked CONNECT https://chat.google.com - connection dropped,01 Nov 2023 12:29:07,,,01 Nov 2023 12:29:07,24,1,21,,,,,0.0,,,,0,,,0,,,
https://chat.google.com,BLOCKED,200,https,CONNECT,,/127.0.0.1,49915,chat.google.com/142.250.183.174,443,com.xk72.proxy.ProxyAbortException: Blocked CONNECT https://chat.google.com - connection dropped,01 Nov 2023 12:29:07,,,01 Nov 2023 12:29:07,40,1,37,,,,,0.0,,,,0,,,0,,,
https://rr4---sn-cvh76nl7.gvt1.com,COMPLETE,200,https,CONNECT,,/192.168.1.174,54928,rr4---sn-cvh76nl7.gvt1.com/173.194.14.233,443,,01 Nov 2023 12:29:09,,,01 Nov 2023 12:29:14,5105,2,24,57,,,,7665.493,,,1040,0,929,260,0,40069293,,
https://play.google.com,COMPLETE,200,https,CONNECT,,/192.168.1.174,54932,play.google.com/142.250.199.142,443,,01 Nov 2023 12:29:10,,,01 Nov 2023 12:29:20,9169,201,114,375,,,,1.1933594,,,1040,0,1552,260,0,8361,,
https://play.google.com,COMPLETE,200,https,CONNECT,,/192.168.1.174,54944,play.google.com/142.250.199.142,443,,01 Nov 2023 12:29:10,,,01 Nov 2023 12:29:11,829,167,108,374,,,,9.417969,,,1040,0,58,260,0,6637,,
https://configuration.apple.com,COMPLETE,200,https,CONNECT,,/127.0.0.1,49920,configuration.apple.com/23.201.220.26,443,,01 Nov 2023 12:29:13,,,01 Nov 2023 12:29:44,31059,80,70,143,,,,0.30664062,,,1040,0,562,260,0,7907,,
https://lh3.googleusercontent.com,COMPLETE,200,https,CONNECT,,/192.168.1.174,50062,lh3.googleusercontent.com/142.250.199.161,443,,01 Nov 2023 12:29:16,,,01 Nov 2023 12:29:20,3185,55,37,203,,,,3.9980469,,,1040,0,617,260,0,11125,,
https://drivefrontend-pa.googleapis.com,RECEIVING_REQUEST_BODY,200,https,CONNECT,,/127.0.0.1,49923,drivefrontend-pa.googleapis.com/142.250.66.10,443,,01 Nov 2023 12:29:17,,,,333734,53,35,101,,,,0.041015625,,,1148,0,8390,272,0,4280,,
https://connectivitycheck.gstatic.com,RECEIVING_REQUEST_BODY,200,https,CONNECT,,/192.168.1.174,50078,connectivitycheck.gstatic.com/142.250.192.99,443,,01 Nov 2023 12:29:21,,,,329964,2,37,220,,,,0.020507812,,,1170,0,2852,272,0,2703,,
https://connectivitycheck.gstatic.com,COMPLETE,200,https,CONNECT,,/192.168.1.174,56154,connectivitycheck.gstatic.com/142.250.192.99,443,,01 Nov 2023 12:29:21,,,01 Nov 2023 12:33:22,240508,2,21,197,,,,0.009765625,,,1170,0,312,272,0,849,,
https://rr5---sn-cvh76nlk.gvt1.com,COMPLETE,200,https,CONNECT,,/192.168.1.174,56162,rr5---sn-cvh76nlk.gvt1.com/172.217.136.106,443,,01 Nov 2023 12:29:22,,,01 Nov 2023 12:29:23,830,3,38,68,,,,5958.9746,,,1040,0,928,260,0,5062424,,
https://accounts.google.com,COMPLETE,200,https,CONNECT,,/192.168.1.174,56168,accounts.google.com/142.251.42.45,443,,01 Nov 2023 12:29:23,,,01 Nov 2023 12:30:02,38910,3,25,127,,,,7.298828,,,1040,0,57964,260,0,231584,,
https://www.google.com,COMPLETE,200,https,CONNECT,,/192.168.1.174,56178,www.google.com/142.250.183.164,443,,01 Nov 2023 12:29:23,,,01 Nov 2023 12:33:28,244648,57,38,143,,,,0.044921875,,,1040,0,657,260,0,9385,,
https://rr2---sn-cvh76nlk.gvt1.com,COMPLETE,200,https,CONNECT,,/192.168.1.174,56208,rr2---sn-cvh76nlk.gvt1.com/172.217.136.103,443,,01 Nov 2023 12:29:23,,,01 Nov 2023 12:29:23,215,2,37,53,,,,597.2246,,,1040,0,865,260,0,129320,,
https://geller-pa.googleapis.com,COMPLETE,200,https,CONNECT,,/192.168.1.174,56222,geller-pa.googleapis.com/142.250.183.42,443,,01 Nov 2023 12:29:23,,,01 Nov 2023 12:29:24,415,1,45,192,,,,81.03516,,,1147,0,3584,28328,0,1378,,
https://rr5---sn-cvh7knzk.gvt1.com,COMPLETE,200,https,CONNECT,,/192.168.1.174,56234,rr5---sn-cvh7knzk.gvt1.com/172.217.136.202,443,,01 Nov 2023 12:29:24,,,01 Nov 2023 12:29:24,173,1,21,49,,,,520.1797,,,1040,0,925,260,0,89926,,
https://www.gstatic.com,COMPLETE,200,https,CONNECT,,/192.168.1.174,56236,www.gstatic.com/142.250.67.227,443,,01 Nov 2023 12:29:24,,,01 Nov 2023 12:30:02,37978,50,36,116,,,,12.12793,,,1040,0,22971,260,0,447378,,
https://rr1---sn-cvh76nlk.gvt1.com,COMPLETE,200,https,CONNECT,,/192.168.1.174,56252,rr1---sn-cvh76nlk.gvt1.com/172.217.136.102,443,,01 Nov 2023 12:29:24,,,01 Nov 2023 12:29:24,166,1,23,47,,,,389.88867,,,1040,0,929,260,0,64046,,
https://content-autofill.googleapis.com,COMPLETE,200,https,CONNECT,,/192.168.1.174,56268,content-autofill.googleapis.com/142.250.183.106,443,,01 Nov 2023 12:29:24,,,01 Nov 2023 12:30:02,37522,60,37,127,,,,0.22363281,,,1040,0,909,260,0,6384,,
https://rr2---sn-cvh7kn6s.gvt1.com,COMPLETE,200,https,CONNECT,,/192.168.1.174,56276,rr2---sn-cvh7kn6s.gvt1.com/172.217.141.71,443,,01 Nov 2023 12:29:24,,,01 Nov 2023 12:29:25,592,1,35,58,,,,3720.6992,,,1040,0,928,260,0,2253290,,
https://www.google.com,COMPLETE,200,https,CONNECT,,/192.168.1.174,56290,www.google.com/142.250.183.164,443,,01 Nov 2023 12:29:25,,,01 Nov 2023 12:29:25,258,1,51,112,,,,9.826172,,,1140,0,316,272,0,868,,
http://connectivitycheck.gstatic.com/generate_204,COMPLETE,204,http,GET,,/192.168.1.174,56282,connectivitycheck.gstatic.com/142.250.192.99,80,,01 Nov 2023 12:29:25,01 Nov 2023 12:29:25,01 Nov 2023 12:29:25,01 Nov 2023 12:29:25,58,1,34,,2,1,20,6.2626953,110.83984,141.60156,,227,,,145,,,
https://www.google.com,COMPLETE,200,https,CONNECT,,/192.168.1.174,56292,www.google.com/142.250.183.164,443,,01 Nov 2023 12:29:25,,,01 Nov 2023 12:30:02,36668,1,36,124,,,,0.2548828,,,1040,0,945,260,0,7341,,
https://www.google.com,COMPLETE,200,https,CONNECT,,/192.168.1.174,56298,www.google.com/142.250.183.164,443,,01 Nov 2023 12:29:25,,,01 Nov 2023 12:29:25,224,1,42,108,,,,11.317383,,,1140,0,316,272,0,868,,
http://connectivitycheck.gstatic.com/generate_204,COMPLETE,204,http,GET,,/192.168.1.174,56296,connectivitycheck.gstatic.com/142.250.192.99,80,,01 Nov 2023 12:29:25,01 Nov 2023 12:29:25,01 Nov 2023 12:29:25,01 Nov 2023 12:29:25,74,2,36,,1,0,35,4.9091797,221.67969,0.0,,227,,,145,,,
https://rr2---sn-cvh76nll.gvt1.com,COMPLETE,200,https,CONNECT,,/192.168.1.174,56308,rr2---sn-cvh76nll.gvt1.com/173.194.52.167,443,,01 Nov 2023 12:29:25,,,01 Nov 2023 12:29:25,314,1,36,73,,,,939.78516,,,1040,0,928,260,0,299947,,
https://rr3---sn-cvh7knzl.gvt1.com,COMPLETE,200,https,CONNECT,,/192.168.1.174,56322,rr3---sn-cvh7knzl.gvt1.com/173.194.52.232,443,,01 Nov 2023 12:29:26,,,01 Nov 2023 12:29:26,319,2,23,46,,,,2255.25,,,1040,0,928,260,0,734463,,
https://rr5---sn-cvh76nls.gvt1.com,COMPLETE,200,https,CONNECT,,/192.168.1.174,56332,rr5---sn-cvh76nls.gvt1.com/173.194.154.138,443,,01 Nov 2023 12:29:26,,,01 Nov 2023 12:29:26,320,1,22,49,,,,2308.621,,,1040,0,928,260,0,754261,,
https://rr4---sn-cvh7kn6l.gvt1.com,COMPLETE,200,https,CONNECT,,/192.168.1.174,56334,rr4---sn-cvh7kn6l.gvt1.com/172.217.141.41,443,,01 Nov 2023 12:29:27,,,01 Nov 2023 12:29:27,201,2,25,59,,,,506.7334,,,1040,0,928,260,0,102070,,
https://rr4---sn-cvh76nls.gvt1.com,COMPLETE,200,https,CONNECT,,/192.168.1.174,56336,rr4---sn-cvh76nls.gvt1.com/173.194.154.137,443,,01 Nov 2023 12:29:27,,,01 Nov 2023 12:29:27,179,3,34,60,,,,83.06152,,,1040,0,929,260,0,12996,,
https://rr1---sn-cvh7kn6l.gvt1.com,COMPLETE,200,https,CONNECT,,/192.168.1.174,56338,rr1---sn-cvh7kn6l.gvt1.com/172.217.141.38,443,,01 Nov 2023 12:29:27,,,01 Nov 2023 12:29:28,323,2,37,69,,,,287.86133,,,1040,0,925,260,0,92986,,
https://rr1---sn-cvh76nl7.gvt1.com,COMPLETE,200,https,CONNECT,,/192.168.1.174,56344,rr1---sn-cvh76nl7.gvt1.com/173.194.14.230,443,,01 Nov 2023 12:29:28,,,01 Nov 2023 12:29:28,187,3,21,43,,,,1024.3457,,,1040,0,929,260,0,193921,,
https://rr4---sn-cvh7knzs.gvt1.com,COMPLETE,200,https,CONNECT,,/192.168.1.174,56360,rr4---sn-cvh7knzs.gvt1.com/173.194.154.73,443,,01 Nov 2023 12:29:28,,,01 Nov 2023 12:29:29,152,2,22,52,,,,283.35645,,,1040,0,925,260,0,41879,,
https://rr1---sn-cvh7kn6s.gvt1.com,COMPLETE,200,https,CONNECT,,/192.168.1.174,56368,rr1---sn-cvh7kn6s.gvt1.com/172.217.141.70,443,,01 Nov 2023 12:29:29,,,01 Nov 2023 12:29:29,148,3,25,49,,,,104.13574,,,1040,0,928,260,0,13554,,
https://rr4---sn-cvh76nl7.gvt1.com,COMPLETE,200,https,CONNECT,,/192.168.1.174,56374,rr4---sn-cvh76nl7.gvt1.com/173.194.14.233,443,,01 Nov 2023 12:29:29,,,01 Nov 2023 12:29:34,5130,2,22,45,,,,7628.1367,,,1040,0,929,260,0,40069293,,
https://music.youtube.com,BLOCKED,200,https,CONNECT,,/127.0.0.1,49953,music.youtube.com/142.250.66.14,443,com.xk72.proxy.ProxyAbortException: Blocked CONNECT https://music.youtube.com - connection dropped,01 Nov 2023 12:29:30,,,01 Nov 2023 12:29:30,50,2,45,,,,,0.0,,,,0,,,0,,,
https://music.youtube.com,BLOCKED,200,https,CONNECT,,/127.0.0.1,49955,music.youtube.com/142.250.183.142,443,com.xk72.proxy.ProxyAbortException: Blocked CONNECT https://music.youtube.com - connection dropped,01 Nov 2023 12:29:30,,,01 Nov 2023 12:29:30,52,2,49,,,,,0.0,,,,0,,,0,,,
https://music.youtube.com,BLOCKED,200,https,CONNECT,,/127.0.0.1,49957,music.youtube.com/142.250.183.142,443,com.xk72.proxy.ProxyAbortException: Blocked CONNECT https://music.youtube.com - connection dropped,01 Nov 2023 12:29:30,,,01 Nov 2023 12:29:30,47,2,44,,,,,0.0,,,,0,,,0,,,
https://play.google.com,COMPLETE,200,https,CONNECT,,/192.168.1.174,60822,play.google.com/142.250.199.142,443,,01 Nov 2023 12:29:34,,,01 Nov 2023 12:30:02,27222,3,23,107,,,,0.34570312,,,1040,0,665,260,0,7698,,
https://play.google.com,COMPLETE,200,https,CONNECT,,/192.168.1.174,60832,play.google.com/142.250.199.142,443,,01 Nov 2023 12:29:35,,,01 Nov 2023 12:30:02,26834,2,24,104,,,,0.66503906,,,1040,0,6791,260,0,10206,,
https://rr2---sn-cvh76nl7.gvt1.com,COMPLETE,200,https,CONNECT,,/192.168.1.174,38000,rr2---sn-cvh76nl7.gvt1.com/173.194.14.231,443,,01 Nov 2023 12:29:41,,,01 Nov 2023 12:29:42,791,4,23,57,,,,7627.5674,,,1040,0,914,260,0,6175994,,
https://play.googleapis.com,RECEIVING_REQUEST_BODY,200,https,CONNECT,,/192.168.1.174,38002,play.googleapis.com/142.250.192.10,443,,01 Nov 2023 12:29:42,,,,308969,3,23,107,,,,0.08105469,,,1040,0,15545,260,0,8847,,
https://rr3---sn-cvh76nez.gvt1.com,COMPLETE,200,https,CONNECT,,/192.168.1.174,38012,rr3---sn-cvh76nez.gvt1.com/173.194.14.72,443,,01 Nov 2023 12:29:42,,,01 Nov 2023 12:29:42,301,2,36,55,,,,998.7959,,,1040,0,851,260,0,305702,,
https://signaler-pa.googleapis.com,COMPLETE,200,https,CONNECT,,/192.168.1.174,38018,signaler-pa.googleapis.com/142.250.183.74,443,,01 Nov 2023 12:29:45,,,01 Nov 2023 12:34:02,256718,52,36,155,,,,0.044921875,,,1040,0,2839,260,0,7708,,
https://rr3---sn-cvh7knle.gvt1.com,COMPLETE,200,https,CONNECT,,/192.168.1.174,38032,rr3---sn-cvh7knle.gvt1.com/74.125.169.136,443,,01 Nov 2023 12:29:49,,,01 Nov 2023 12:29:49,391,3,38,51,,,,727.9033,,,1040,0,850,260,0,289291,,
https://rr5---sn-cvh76nlk.gvt1.com,COMPLETE,200,https,CONNECT,,/192.168.1.174,38048,rr5---sn-cvh76nlk.gvt1.com/172.217.136.106,443,,01 Nov 2023 12:29:49,,,01 Nov 2023 12:29:49,146,1,22,53,,,,232.9834,,,1040,0,915,260,0,32617,,
https://rr4---sn-cvh76nle.gvt1.com,COMPLETE,200,https,CONNECT,,/192.168.1.174,38062,rr4---sn-cvh76nle.gvt1.com/173.194.52.137,443,,01 Nov 2023 12:29:49,,,01 Nov 2023 12:29:56,7029,56,40,63,,,,5483.0586,,,1040,0,914,260,0,39463175,,
https://www.googleapis.com,RECEIVING_RESPONSE_BODY,200,https,CONNECT,,/192.168.1.174,50064,www.googleapis.com/172.217.160.202,443,,01 Nov 2023 12:29:54,,,,297126,3,81,501,,,,2.5625,,,1552,0,634313,272,0,143761,,
https://rr1---sn-cvhelnll.gvt1.com,COMPLETE,200,https,CONNECT,,/192.168.1.174,50066,rr1---sn-cvhelnll.gvt1.com/172.217.141.102,443,,01 Nov 2023 12:29:57,,,01 Nov 2023 12:29:58,456,2,46,111,,,,347.46973,,,1040,0,915,260,0,160034,,
https://configuration.apple.com,COMPLETE,200,https,CONNECT,,/127.0.0.1,49971,configuration.apple.com/23.201.220.26,443,,01 Nov 2023 12:29:59,,,01 Nov 2023 12:30:30,30993,58,47,122,,,,0.30664062,,,1040,0,562,260,0,7883,,
https://music.youtube.com,BLOCKED,200,https,CONNECT,,/127.0.0.1,49973,music.youtube.com/142.250.66.14,443,com.xk72.proxy.ProxyAbortException: Blocked CONNECT https://music.youtube.com - connection dropped,01 Nov 2023 12:30:00,,,01 Nov 2023 12:30:00,55,2,49,,,,,0.0,,,,0,,,0,,,
https://music.youtube.com,BLOCKED,200,https,CONNECT,,/127.0.0.1,49975,music.youtube.com/142.250.183.142,443,com.xk72.proxy.ProxyAbortException: Blocked CONNECT https://music.youtube.com - connection dropped,01 Nov 2023 12:30:00,,,01 Nov 2023 12:30:01,44,2,40,,,,,0.0,,,,0,,,0,,,
https://music.youtube.com,BLOCKED,200,https,CONNECT,,/127.0.0.1,49977,music.youtube.com/142.250.183.142,443,com.xk72.proxy.ProxyAbortException: Blocked CONNECT https://music.youtube.com - connection dropped,01 Nov 2023 12:30:01,,,01 Nov 2023 12:30:01,35,2,31,,,,,0.0,,,,0,,,0,,,
https://android.googleapis.com,COMPLETE,200,https,CONNECT,,/192.168.1.174,50080,android.googleapis.com/142.250.192.106,443,,01 Nov 2023 12:30:01,,,01 Nov 2023 12:34:02,240882,2,62,132,,,,0.030273438,,,1568,0,3498,272,0,2266,,
https://android.googleapis.com,COMPLETE,200,https,CONNECT,,/192.168.1.174,48808,android.googleapis.com/142.250.183.138,443,,01 Nov 2023 12:30:01,,,01 Nov 2023 12:34:19,257360,3,36,120,,,,0.053710938,,,1568,0,7817,272,0,4567,,
https://play.google.com,COMPLETE,200,https,CONNECT,,/192.168.1.174,48820,play.google.com/142.250.199.142,443,,01 Nov 2023 12:30:02,,,01 Nov 2023 12:34:02,240321,2,27,118,,,,0.049804688,,,1040,0,2585,260,0,8543,,
https://securitydomain-pa.googleapis.com,COMPLETE,200,https,CONNECT,,/192.168.1.174,48836,securitydomain-pa.googleapis.com/142.250.182.234,443,,01 Nov 2023 12:30:02,,,01 Nov 2023 12:30:03,1515,60,24,121,,,,3.109375,,,2207,0,1729,372,0,517,,
https://android.googleapis.com,COMPLETE,200,https,CONNECT,,/192.168.1.174,48838,android.googleapis.com/142.250.183.138,443,,01 Nov 2023 12:30:02,,,01 Nov 2023 12:34:11,248690,1,27,110,,,,0.059570312,,,1568,0,7799,272,0,5709,,
https://android.googleapis.com,COMPLETE,200,https,CONNECT,,/192.168.1.174,48844,android.googleapis.com/142.250.192.106,443,,01 Nov 2023 12:30:02,,,01 Nov 2023 12:34:03,240815,2,35,129,,,,0.016601562,,,1094,0,1475,272,0,1368,,
https://phonedeviceverification-pa.googleapis.com,COMPLETE,200,https,CONNECT,,/192.168.1.174,48852,phonedeviceverification-pa.googleapis.com/172.217.27.202,443,,01 Nov 2023 12:30:02,,,01 Nov 2023 12:30:04,1714,51,35,179,,,,9.198242,,,1040,0,9312,260,0,5533,,
https://cryptauthenrollment.googleapis.com,COMPLETE,200,https,CONNECT,,/192.168.1.174,48862,cryptauthenrollment.googleapis.com/142.250.77.74,443,,01 Nov 2023 12:30:02,,,01 Nov 2023 12:30:03,1038,59,40,123,,,,12.796875,,,2207,0,10393,372,0,630,,
https://chat.google.com,BLOCKED,200,https,CONNECT,,/127.0.0.1,49987,chat.google.com/142.250.183.174,443,com.xk72.proxy.ProxyAbortException: Blocked CONNECT https://chat.google.com - connection dropped,01 Nov 2023 12:30:03,,,01 Nov 2023 12:30:03,31,1,26,,,,,0.0,,,,0,,,0,,,
https://chat.google.com,BLOCKED,200,https,CONNECT,,/127.0.0.1,49989,chat.google.com/142.250.183.174,443,com.xk72.proxy.ProxyAbortException: Blocked CONNECT https://chat.google.com - connection dropped,01 Nov 2023 12:30:03,,,01 Nov 2023 12:30:03,42,1,39,,,,,0.0,,,,0,,,0,,,
https://chat.google.com,BLOCKED,200,https,CONNECT,,/127.0.0.1,49991,chat.google.com/142.250.183.14,443,com.xk72.proxy.ProxyAbortException: Blocked CONNECT https://chat.google.com - connection dropped,01 Nov 2023 12:30:03,,,01 Nov 2023 12:30:03,50,1,49,,,,,0.0,,,,0,,,0,,,
https://android.googleapis.com,COMPLETE,200,https,CONNECT,,/192.168.1.174,48866,android.googleapis.com/142.250.183.138,443,,01 Nov 2023 12:30:03,,,01 Nov 2023 12:34:03,240664,1,25,124,,,,0.3486328,,,1040,0,35525,260,0,49299,,
https://android.googleapis.com,COMPLETE,200,https,CONNECT,,/192.168.1.174,48880,android.googleapis.com/142.250.192.106,443,,01 Nov 2023 12:30:03,,,01 Nov 2023 12:34:04,240468,1,37,150,,,,0.024414062,,,1568,0,2192,272,0,2123,,
https://cryptauthdevicesync.googleapis.com,COMPLETE,200,https,CONNECT,,/192.168.1.174,48882,cryptauthdevicesync.googleapis.com/142.250.182.202,443,,01 Nov 2023 12:30:04,,,01 Nov 2023 12:30:05,1485,58,37,113,,,,7.0976562,,,2207,0,3279,372,0,4936,,
https://rr5---sn-cvh7kney.gvt1.com,COMPLETE,200,https,CONNECT,,/192.168.1.174,48886,rr5---sn-cvh7kney.gvt1.com/173.194.52.10,443,,01 Nov 2023 12:30:04,,,01 Nov 2023 12:30:05,571,111,36,81,,,,505.45312,,,1040,0,850,260,0,293391,,
https://rr2---sn-cvhelnll.gvt1.com,COMPLETE,200,https,CONNECT,,/192.168.1.174,48892,rr2---sn-cvhelnll.gvt1.com/172.217.141.103,443,,01 Nov 2023 12:30:05,,,01 Nov 2023 12:30:06,898,130,22,60,,,,4221.158,,,1040,0,915,260,0,3879360,,
https://geller-pa.googleapis.com,COMPLETE,200,https,CONNECT,,/192.168.1.174,48898,geller-pa.googleapis.com/142.250.183.42,443,,01 Nov 2023 12:30:06,,,01 Nov 2023 12:30:06,706,1,46,230,,,,10.433594,,,2207,0,3585,372,0,1379,,
https://rr4---sn-cvh76nl6.gvt1.com,COMPLETE,200,https,CONNECT,,/192.168.1.174,48912,rr4---sn-cvh76nl6.gvt1.com/173.194.154.201,443,,01 Nov 2023 12:30:06,,,01 Nov 2023 12:30:06,384,73,26,108,,,,170.41211,,,1040,0,914,260,0,64795,,
https://rr4---sn-cvh7kn6s.gvt1.com,COMPLETE,200,https,CONNECT,,/192.168.1.174,48918,rr4---sn-cvh7kn6s.gvt1.com/172.217.141.73,443,,01 Nov 2023 12:30:07,,,01 Nov 2023 12:30:07,548,351,28,49,,,,120.60156,,,1040,0,911,260,0,65465,,
https://www.googleapis.com,COMPLETE,200,https,CONNECT,,/192.168.1.174,48932,www.googleapis.com/172.217.160.202,443,,01 Nov 2023 12:30:07,,,01 Nov 2023 12:34:08,241144,2,24,136,,,,0.47851562,,,1040,0,6839,260,0,110129,,
https://digitalassetlinks.googleapis.com,COMPLETE,200,https,CONNECT,,/192.168.1.174,48942,digitalassetlinks.googleapis.com/216.58.196.74,443,,01 Nov 2023 12:30:09,,,01 Nov 2023 12:34:09,240455,59,24,128,,,,0.033203125,,,1040,0,902,260,0,6055,,
https://play.googleapis.com,COMPLETE,200,https,CONNECT,,/192.168.1.174,48948,play.googleapis.com/142.250.182.138,443,,01 Nov 2023 12:30:09,,,01 Nov 2023 12:34:10,240538,72,36,120,,,,0.049804688,,,1150,0,4931,260,0,5997,,
https://play.googleapis.com,COMPLETE,200,https,CONNECT,,/192.168.1.174,48954,play.googleapis.com/142.250.182.138,443,,01 Nov 2023 12:30:10,,,01 Nov 2023 12:34:10,240547,2,50,141,,,,0.036132812,,,1150,0,1590,260,0,6034,,
https://play.googleapis.com,COMPLETE,200,https,CONNECT,,/192.168.1.174,48968,play.googleapis.com/142.250.182.138,443,,01 Nov 2023 12:30:10,,,01 Nov 2023 12:34:11,240887,3,54,166,,,,0.0390625,,,1040,0,1345,260,0,7147,,
https://rr5---sn-cvh76nl6.gvt1.com,COMPLETE,200,https,CONNECT,,/192.168.1.174,48976,rr5---sn-cvh76nl6.gvt1.com/173.194.154.202,443,,01 Nov 2023 12:30:10,,,01 Nov 2023 12:30:11,431,2,40,84,,,,976.5869,,,1040,0,914,260,0,428797,,
https://rr5---sn-cvh76nes.gvt1.com,COMPLETE,200,https,CONNECT,,/192.168.1.174,48978,rr5---sn-cvh76nes.gvt1.com/173.194.14.42,443,,01 Nov 2023 12:30:11,,,01 Nov 2023 12:30:12,589,197,38,141,,,,81.984375,,,1040,0,851,260,0,47297,,
https://rr2---sn-cvh76nls.gvt1.com,COMPLETE,200,https,CONNECT,,/192.168.1.174,33704,rr2---sn-cvh76nls.gvt1.com/173.194.154.135,443,,01 Nov 2023 12:30:18,,,01 Nov 2023 12:30:19,593,2,36,101,,,,3113.2812,,,1040,0,915,260,0,1888269,,
https://play-fe.googleapis.com,COMPLETE,200,https,CONNECT,,/192.168.1.174,33712,play-fe.googleapis.com/142.250.192.14,443,,01 Nov 2023 12:30:18,,,01 Nov 2023 12:34:21,242590,2,38,116,,,,0.038085938,,,1568,0,2337,272,0,5371,,
https://rr2---sn-cvh76nez.gvt1.com,COMPLETE,200,https,CONNECT,,/192.168.1.174,33728,rr2---sn-cvh76nez.gvt1.com/173.194.14.71,443,,01 Nov 2023 12:30:19,,,01 Nov 2023 12:30:21,2290,303,74,87,,,,4065.873,,,1040,0,929,260,0,9532081,,
https://playstoregatewayadapter-pa.googleapis.com,COMPLETE,200,https,CONNECT,,/192.168.1.174,37108,playstoregatewayadapter-pa.googleapis.com/142.250.183.170,443,,01 Nov 2023 12:30:22,,,01 Nov 2023 12:34:22,240520,55,43,134,,,,0.040039062,,,1040,0,2067,260,0,6519,,
https://rr3---sn-cvh7knzr.gvt1.com,COMPLETE,200,https,CONNECT,,/192.168.1.174,37120,rr3---sn-cvh7knzr.gvt1.com/172.217.136.232,443,,01 Nov 2023 12:30:22,,,01 Nov 2023 12:30:23,1199,1,38,63,,,,5212.09,,,1040,0,912,260,0,6397068,,
https://rr1---sn-cvh76nes.gvt1.com,COMPLETE,200,https,CONNECT,,/192.168.1.174,37130,rr1---sn-cvh76nes.gvt1.com/173.194.14.38,443,,01 Nov 2023 12:30:23,,,01 Nov 2023 12:30:24,536,3,24,54,,,,2503.3008,,,1040,0,912,260,0,1371760,,
https://rr3---sn-cvh7kn6s.gvt1.com,COMPLETE,200,https,CONNECT,,/192.168.1.174,37134,rr3---sn-cvh7kn6s.gvt1.com/172.217.141.72,443,,01 Nov 2023 12:30:24,,,01 Nov 2023 12:30:26,1486,363,26,66,,,,4591.3584,,,1040,0,914,260,0,6984292,,
https://rr3---sn-cvh7kn66.gvt1.com,COMPLETE,200,https,CONNECT,,/192.168.1.174,37148,rr3---sn-cvh7kn66.gvt1.com/173.194.154.8,443,,01 Nov 2023 12:30:26,,,01 Nov 2023 12:30:27,822,249,40,75,,,,1475.0664,,,1040,0,913,260,0,1239392,,
https://rr2---sn-cvh7knzz.gvt1.com,COMPLETE,200,https,CONNECT,,/192.168.1.174,37162,rr2---sn-cvh7knzz.gvt1.com/172.217.136.135,443,,01 Nov 2023 12:30:27,,,01 Nov 2023 12:30:29,1973,323,21,61,,,,4252.909,,,1040,0,911,260,0,8590164,,
https://rr2---sn-cvhelnls.gvt1.com,COMPLETE,200,https,CONNECT,,/192.168.1.174,37174,rr2---sn-cvhelnls.gvt1.com/172.217.141.135,443,,01 Nov 2023 12:30:29,,,01 Nov 2023 12:30:31,1633,2,31,78,,,,5365.8643,,,1040,0,914,260,0,8970542,,
https://music.youtube.com,BLOCKED,200,https,CONNECT,,/127.0.0.1,50018,music.youtube.com/142.250.66.14,443,com.xk72.proxy.ProxyAbortException: Blocked CONNECT https://music.youtube.com - connection dropped,01 Nov 2023 12:30:31,,,01 Nov 2023 12:30:31,32,2,28,,,,,0.0,,,,0,,,0,,,
https://music.youtube.com,BLOCKED,200,https,CONNECT,,/127.0.0.1,50020,music.youtube.com/142.250.183.78,443,com.xk72.proxy.ProxyAbortException: Blocked CONNECT https://music.youtube.com - connection dropped,01 Nov 2023 12:30:31,,,01 Nov 2023 12:30:31,147,1,144,,,,,0.0,,,,0,,,0,,,
https://music.youtube.com,BLOCKED,200,https,CONNECT,,/127.0.0.1,50022,music.youtube.com/142.250.183.78,443,com.xk72.proxy.ProxyAbortException: Blocked CONNECT https://music.youtube.com - connection dropped,01 Nov 2023 12:30:31,,,01 Nov 2023 12:30:31,58,2,55,,,,,0.0,,,,0,,,0,,,
https://rr2---sn-cvh76nlk.gvt1.com,COMPLETE,200,https,CONNECT,,/192.168.1.174,57282,rr2---sn-cvh76nlk.gvt1.com/172.217.136.103,443,,01 Nov 2023 12:30:32,,,01 Nov 2023 12:30:35,3249,2,39,90,,,,5983.079,,,1040,0,915,260,0,19903348,,
https://rr4---sn-cvh76nld.gvt1.com,COMPLETE,200,https,CONNECT,,/192.168.1.174,57286,rr4---sn-cvh76nld.gvt1.com/173.194.154.233,443,,01 Nov 2023 12:30:35,,,01 Nov 2023 12:30:37,1794,160,38,65,,,,4550.826,,,1040,0,915,260,0,8357909,,
https://play-lh.googleusercontent.com,COMPLETE,200,https,CONNECT,,/192.168.1.174,57296,play-lh.googleusercontent.com/142.250.199.182,443,,01 Nov 2023 12:30:35,,,01 Nov 2023 12:34:36,240772,59,24,226,,,,0.25683594,,,1040,0,617,260,0,61574,,
https://play-lh.googleusercontent.com,COMPLETE,200,https,CONNECT,,/192.168.1.174,57308,play-lh.googleusercontent.com/142.250.199.182,443,,01 Nov 2023 12:30:35,,,01 Nov 2023 12:30:36,345,57,30,194,,,,17.444336,,,1040,0,68,260,0,4795,,
https://play-lh.googleusercontent.com,COMPLETE,200,https,CONNECT,,/192.168.1.174,57298,play-lh.googleusercontent.com/142.250.199.182,443,,01 Nov 2023 12:30:35,,,01 Nov 2023 12:30:36,345,60,43,194,,,,17.444336,,,1040,0,68,260,0,4795,,
https://rr5---sn-cvh76nlk.gvt1.com,COMPLETE,200,https,CONNECT,,/192.168.1.174,57320,rr5---sn-cvh76nlk.gvt1.com/172.217.136.106,443,,01 Nov 2023 12:30:37,,,01 Nov 2023 12:30:38,789,3,37,53,,,,6268.6475,,,1040,0,942,260,0,5062424,,
https://music.youtube.com,BLOCKED,200,https,CONNECT,,/127.0.0.1,50030,music.youtube.com/142.250.66.14,443,com.xk72.proxy.ProxyAbortException: Blocked CONNECT https://music.youtube.com - connection dropped,01 Nov 2023 12:30:38,,,01 Nov 2023 12:30:38,44,2,40,,,,,0.0,,,,0,,,0,,,
https://music.youtube.com,BLOCKED,200,https,CONNECT,,/127.0.0.1,50032,music.youtube.com/142.250.66.14,443,com.xk72.proxy.ProxyAbortException: Blocked CONNECT https://music.youtube.com - connection dropped,01 Nov 2023 12:30:38,,,01 Nov 2023 12:30:38,43,2,40,,,,,0.0,,,,0,,,0,,,
https://music.youtube.com,BLOCKED,200,https,CONNECT,,/127.0.0.1,50034,music.youtube.com/142.250.66.14,443,com.xk72.proxy.ProxyAbortException: Blocked CONNECT https://music.youtube.com - connection dropped,01 Nov 2023 12:30:38,,,01 Nov 2023 12:30:38,39,1,37,,,,,0.0,,,,0,,,0,,,
https://rr3---sn-cvh7knle.gvt1.com,COMPLETE,200,https,CONNECT,,/192.168.1.174,57328,rr3---sn-cvh7knle.gvt1.com/74.125.169.136,443,,01 Nov 2023 12:30:38,,,01 Nov 2023 12:30:38,477,2,35,57,,,,3331.832,,,1040,0,914,260,0,1625213,,
https://rr2---sn-cvh76nlk.gvt1.com,COMPLETE,200,https,CONNECT,,/192.168.1.174,57342,rr2---sn-cvh76nlk.gvt1.com/172.217.136.103,443,,01 Nov 2023 12:30:39,,,01 Nov 2023 12:30:39,218,2,36,56,,,,589.00586,,,1040,0,865,260,0,129320,,
https://rr5---sn-cvh76nl6.gvt1.com,COMPLETE,200,https,CONNECT,,/192.168.1.174,57346,rr5---sn-cvh76nl6.gvt1.com/173.194.154.202,443,,01 Nov 2023 12:30:39,,,01 Nov 2023 12:30:48,8492,2,21,40,,,,8518.274,,,1040,0,914,260,0,74071071,,
https://rr5---sn-cvh7knzk.gvt1.com,COMPLETE,200,https,CONNECT,,/192.168.1.174,33106,rr5---sn-cvh7knzk.gvt1.com/172.217.136.202,443,,01 Nov 2023 12:30:48,,,01 Nov 2023 12:30:48,260,4,49,50,,,,346.1162,,,1040,0,924,260,0,89926,,
https://rr5---sn-cvh76nlz.gvt1.com,COMPLETE,200,https,CONNECT,,/192.168.1.174,33122,rr5---sn-cvh76nlz.gvt1.com/173.194.154.170,443,,01 Nov 2023 12:30:48,,,01 Nov 2023 12:30:49,307,1,24,52,,,,1188.002,,,1040,0,850,260,0,371320,,
https://rr1---sn-cvh76nlk.gvt1.com,COMPLETE,200,https,CONNECT,,/192.168.1.174,33126,rr1---sn-cvh76nlk.gvt1.com/172.217.136.102,443,,01 Nov 2023 12:30:49,,,01 Nov 2023 12:30:49,144,2,21,50,,,,449.45605,,,1040,0,929,260,0,64046,,
https://configuration.apple.com,COMPLETE,200,https,CONNECT,,/127.0.0.1,50042,configuration.apple.com/23.201.220.26,443,,01 Nov 2023 12:30:49,,,01 Nov 2023 12:32:20,91453,53,38,89,,,,0.111328125,,,1040,0,1026,260,0,8158,,
https://rr4---sn-cvh7knzs.gvt1.com,COMPLETE,200,https,CONNECT,,/192.168.1.174,33132,rr4---sn-cvh7knzs.gvt1.com/173.194.154.73,443,,01 Nov 2023 12:30:49,,,01 Nov 2023 12:30:49,186,1,21,89,,,,231.56055,,,1040,0,925,260,0,41879,,
https://rr2---sn-cvh7kn6s.gvt1.com,COMPLETE,200,https,CONNECT,,/192.168.1.174,33144,rr2---sn-cvh7kn6s.gvt1.com/172.217.141.71,443,,01 Nov 2023 12:30:49,,,01 Nov 2023 12:30:50,458,1,22,37,,,,4809.288,,,1040,0,928,260,0,2253290,,
https://rr2---sn-cvh76nll.gvt1.com,COMPLETE,200,https,CONNECT,,/192.168.1.174,33158,rr2---sn-cvh76nll.gvt1.com/173.194.52.167,443,,01 Nov 2023 12:30:50,,,01 Nov 2023 12:30:50,260,3,36,59,,,,1134.9756,,,1040,0,929,260,0,299947,,
https://rr3---sn-cvh7knzl.gvt1.com,COMPLETE,200,https,CONNECT,,/192.168.1.174,33162,rr3---sn-cvh7knzl.gvt1.com/173.194.52.232,443,,01 Nov 2023 12:30:51,,,01 Nov 2023 12:30:51,370,2,37,49,,,,1944.3906,,,1040,0,928,260,0,734463,,
https://rr4---sn-cvh76nls.gvt1.com,COMPLETE,200,https,CONNECT,,/192.168.1.174,38746,rr4---sn-cvh76nls.gvt1.com/173.194.154.137,443,,01 Nov 2023 12:30:51,,,01 Nov 2023 12:30:51,167,3,36,59,,,,89.03027,,,1040,0,929,260,0,12996,,
https://chat.google.com,BLOCKED,200,https,CONNECT,,/127.0.0.1,50049,chat.google.com/142.250.183.174,443,com.xk72.proxy.ProxyAbortException: Blocked CONNECT https://chat.google.com - connection dropped,01 Nov 2023 12:30:51,,,01 Nov 2023 12:30:51,80,42,35,,,,,0.0,,,,0,,,0,,,
https://chat.google.com,BLOCKED,200,https,CONNECT,,/127.0.0.1,50051,chat.google.com/142.250.183.174,443,com.xk72.proxy.ProxyAbortException: Blocked CONNECT https://chat.google.com - connection dropped,01 Nov 2023 12:30:51,,,01 Nov 2023 12:30:51,40,2,37,,,,,0.0,,,,0,,,0,,,
https://chat.google.com,BLOCKED,200,https,CONNECT,,/127.0.0.1,50053,chat.google.com/142.250.183.174,443,com.xk72.proxy.ProxyAbortException: Blocked CONNECT https://chat.google.com - connection dropped,01 Nov 2023 12:30:51,,,01 Nov 2023 12:30:51,39,2,36,,,,,0.0,,,,0,,,0,,,
https://rr5---sn-cvh76nls.gvt1.com,COMPLETE,200,https,CONNECT,,/192.168.1.174,38756,rr5---sn-cvh76nls.gvt1.com/173.194.154.138,443,,01 Nov 2023 12:30:52,,,01 Nov 2023 12:30:52,367,3,38,59,,,,2012.9717,,,1040,0,930,260,0,754261,,
https://rr1---sn-cvh7kn6s.gvt1.com,COMPLETE,200,https,CONNECT,,/192.168.1.174,38762,rr1---sn-cvh7kn6s.gvt1.com/172.217.141.70,443,,01 Nov 2023 12:30:52,,,01 Nov 2023 12:30:52,136,3,22,45,,,,113.32422,,,1040,0,928,260,0,13554,,
https://rr4---sn-cvh7kn6l.gvt1.com,COMPLETE,200,https,CONNECT,,/192.168.1.174,38770,rr4---sn-cvh7kn6l.gvt1.com/172.217.141.41,443,,01 Nov 2023 12:30:53,,,01 Nov 2023 12:30:53,200,3,22,44,,,,509.26758,,,1040,0,928,260,0,102070,,
https://rr1---sn-cvh76nl7.gvt1.com,COMPLETE,200,https,CONNECT,,/192.168.1.174,38772,rr1---sn-cvh76nl7.gvt1.com/173.194.14.230,443,,01 Nov 2023 12:30:53,,,01 Nov 2023 12:30:53,189,3,23,39,,,,1013.50586,,,1040,0,929,260,0,193921,,
https://rr1---sn-cvh7kn6l.gvt1.com,COMPLETE,200,https,CONNECT,,/192.168.1.174,38784,rr1---sn-cvh7kn6l.gvt1.com/172.217.141.38,443,,01 Nov 2023 12:30:53,,,01 Nov 2023 12:30:54,164,3,22,38,,,,566.94727,,,1040,0,925,260,0,92986,,
https://play.googleapis.com,RECEIVING_REQUEST_BODY,200,https,CONNECT,,/192.168.1.174,38788,play.googleapis.com/142.250.195.202,443,,01 Nov 2023 12:30:55,,,,236489,3,48,128,,,,0.421875,,,1040,0,93194,260,0,7679,,
https://play.googleapis.com,RECEIVING_REQUEST_BODY,200,https,CONNECT,,/192.168.1.174,38794,play.googleapis.com/142.250.182.74,443,,01 Nov 2023 12:31:00,,,,230977,5,56,,,,,0.0029296875,,,775,0,0,,0,0,,
https://play.googleapis.com,RECEIVING_REQUEST_BODY,200,https,CONNECT,,/192.168.1.174,38806,play.googleapis.com/142.250.182.74,443,,01 Nov 2023 12:31:01,,,,230464,4,44,,,,,0.0029296875,,,775,0,0,,0,0,,
https://music.youtube.com,BLOCKED,200,https,CONNECT,,/127.0.0.1,50064,music.youtube.com/142.250.66.14,443,com.xk72.proxy.ProxyAbortException: Blocked CONNECT https://music.youtube.com - connection dropped,01 Nov 2023 12:31:01,,,01 Nov 2023 12:31:01,31,2,24,,,,,0.0,,,,0,,,0,,,
https://music.youtube.com,BLOCKED,200,https,CONNECT,,/127.0.0.1,50066,music.youtube.com/142.250.183.142,443,com.xk72.proxy.ProxyAbortException: Blocked CONNECT https://music.youtube.com - connection dropped,01 Nov 2023 12:31:01,,,01 Nov 2023 12:31:01,39,2,36,,,,,0.0,,,,0,,,0,,,
https://music.youtube.com,BLOCKED,200,https,CONNECT,,/127.0.0.1,50068,music.youtube.com/142.250.183.142,443,com.xk72.proxy.ProxyAbortException: Blocked CONNECT https://music.youtube.com - connection dropped,01 Nov 2023 12:31:01,,,01 Nov 2023 12:31:01,40,2,36,,,,,0.0,,,,0,,,0,,,
https://play.googleapis.com,RECEIVING_RESPONSE_BODY,200,https,CONNECT,,/192.168.1.174,33964,play.googleapis.com/142.250.182.42,443,,01 Nov 2023 12:31:02,,,,229213,4,50,202,,,,0.2529297,,,1556,0,55462,272,0,2162,,
https://chat.google.com,BLOCKED,200,https,CONNECT,,/127.0.0.1,50071,chat.google.com/142.250.183.174,443,com.xk72.proxy.ProxyAbortException: Blocked CONNECT https://chat.google.com - connection dropped,01 Nov 2023 12:31:03,,,01 Nov 2023 12:31:03,44,2,39,,,,,0.0,,,,0,,,0,,,
https://chat.google.com,BLOCKED,200,https,CONNECT,,/127.0.0.1,50073,chat.google.com/142.250.183.174,443,com.xk72.proxy.ProxyAbortException: Blocked CONNECT https://chat.google.com - connection dropped,01 Nov 2023 12:31:03,,,01 Nov 2023 12:31:03,53,1,43,,,,,0.0,,,,0,,,0,,,
https://play.googleapis.com,RECEIVING_REQUEST_BODY,200,https,CONNECT,,/192.168.1.174,33968,play.googleapis.com/142.250.182.10,443,,01 Nov 2023 12:31:03,,,,228156,3,57,,,,,0.0029296875,,,775,0,0,,0,0,,
https://chat.google.com,BLOCKED,200,https,CONNECT,,/127.0.0.1,50076,chat.google.com/142.250.183.174,443,com.xk72.proxy.ProxyAbortException: Blocked CONNECT https://chat.google.com - connection dropped,01 Nov 2023 12:31:03,,,01 Nov 2023 12:31:03,30,1,25,,,,,0.0,,,,0,,,0,,,
https://play.googleapis.com,RECEIVING_REQUEST_BODY,200,https,CONNECT,,/192.168.1.174,33970,play.googleapis.com/142.250.182.10,443,,01 Nov 2023 12:31:04,,,,227503,4,37,,,,,0.0029296875,,,775,0,0,,0,0,,
https://rr4---sn-cvh76ney.gvt1.com,COMPLETE,200,https,CONNECT,,/192.168.1.174,33984,rr4---sn-cvh76ney.gvt1.com/74.125.169.105,443,,01 Nov 2023 12:31:04,,,01 Nov 2023 12:31:05,574,3,24,49,,,,5994.5996,,,1040,0,928,260,0,3521254,,
https://rr2---sn-cvh76nll.gvt1.com,COMPLETE,200,https,CONNECT,,/192.168.1.174,33994,rr2---sn-cvh76nll.gvt1.com/173.194.52.167,443,,01 Nov 2023 12:31:05,,,01 Nov 2023 12:31:05,247,2,35,56,,,,536.00195,,,1040,0,850,260,0,133420,,
https://rr2---sn-cvh7kn66.gvt1.com,COMPLETE,200,https,CONNECT,,/192.168.1.174,34002,rr2---sn-cvh7kn66.gvt1.com/173.194.154.7,443,,01 Nov 2023 12:31:09,,,01 Nov 2023 12:31:11,1295,449,24,64,,,,2086.2354,,,1040,0,928,260,0,2764287,,
https://rr5---sn-cvh76nll.gvt1.com,COMPLETE,200,https,CONNECT,,/192.168.1.174,34008,rr5---sn-cvh76nll.gvt1.com/173.194.52.170,443,,01 Nov 2023 12:31:11,,,01 Nov 2023 12:31:11,583,292,22,72,,,,144.65625,,,1040,0,851,260,0,84208,,
https://auditrecording-pa.googleapis.com,COMPLETE,200,https,CONNECT,,/192.168.1.174,46322,auditrecording-pa.googleapis.com/142.250.192.10,443,,01 Nov 2023 12:31:14,,,01 Nov 2023 12:31:14,716,61,38,237,,,,11.75,,,1040,0,1901,260,0,5414,,
https://rr5---sn-cvh7knzl.gvt1.com,COMPLETE,200,https,CONNECT,,/192.168.1.174,46326,rr5---sn-cvh7knzl.gvt1.com/173.194.52.234,443,,01 Nov 2023 12:31:15,,,01 Nov 2023 12:31:16,1400,362,42,184,,,,2384.5498,,,1040,0,925,260,0,3416266,,
https://rr3---sn-cvh76ner.gvt1.com,COMPLETE,200,https,CONNECT,,/192.168.1.174,46328,rr3---sn-cvh76ner.gvt1.com/74.125.169.72,443,,01 Nov 2023 12:31:16,,,01 Nov 2023 12:31:17,356,4,41,67,,,,439.38086,,,1040,0,850,260,0,158024,,
https://rr1---sn-cvh76nez.gvt1.com,COMPLETE,200,https,CONNECT,,/192.168.1.174,36478,rr1---sn-cvh76nez.gvt1.com/173.194.14.70,443,,01 Nov 2023 12:31:21,,,01 Nov 2023 12:31:22,410,2,23,97,,,,332.7119,,,1040,0,850,260,0,137536,,
https://rr2---sn-cvh7kn6l.gvt1.com,COMPLETE,200,https,CONNECT,,/192.168.1.174,36480,rr2---sn-cvh7kn6l.gvt1.com/172.217.141.39,443,,01 Nov 2023 12:31:22,,,01 Nov 2023 12:31:22,436,197,39,99,,,,46.520508,,,1040,0,914,260,0,18556,,
https://rr3---sn-cvh7knzd.gvt1.com,COMPLETE,200,https,CONNECT,,/192.168.1.174,36496,rr3---sn-cvh7knzd.gvt1.com/172.217.136.168,443,,01 Nov 2023 12:31:23,,,01 Nov 2023 12:31:23,366,126,27,65,,,,277.25,,,1040,0,914,260,0,101695,,
https://rr3---sn-cvh7knle.gvt1.com,COMPLETE,200,https,CONNECT,,/192.168.1.174,36508,rr3---sn-cvh7knle.gvt1.com/74.125.169.136,443,,01 Nov 2023 12:31:23,,,01 Nov 2023 12:31:24,644,2,37,67,,,,3116.6992,,,1040,0,928,260,0,2053098,,
https://rr3---sn-cvhelnls.gvt1.com,COMPLETE,200,https,CONNECT,,/192.168.1.174,36522,rr3---sn-cvhelnls.gvt1.com/172.217.141.136,443,,01 Nov 2023 12:31:24,,,01 Nov 2023 12:31:25,756,429,36,94,,,,26.957031,,,1040,0,915,260,0,18654,,
https://rr1---sn-cvh7kn6s.gvt1.com,COMPLETE,200,https,CONNECT,,/192.168.1.174,36526,rr1---sn-cvh7kn6s.gvt1.com/172.217.141.70,443,,01 Nov 2023 12:31:25,,,01 Nov 2023 12:31:25,226,3,37,59,,,,90.99219,,,1040,0,914,260,0,18844,,
https://rr4---sn-cvh7knzz.gvt1.com,COMPLETE,200,https,CONNECT,,/192.168.1.174,36536,rr4---sn-cvh7knzz.gvt1.com/172.217.136.137,443,,01 Nov 2023 12:31:26,,,01 Nov 2023 12:31:26,227,2,37,85,,,,87.5459,,,1040,0,914,260,0,18136,,
https://rr2---sn-cvh76nl6.gvt1.com,COMPLETE,200,https,CONNECT,,/192.168.1.174,36538,rr2---sn-cvh76nl6.gvt1.com/173.194.154.199,443,,01 Nov 2023 12:31:26,,,01 Nov 2023 12:31:27,942,154,38,85,,,,3863.7676,,,1040,0,913,260,0,3724809,,
https://music.youtube.com,BLOCKED,200,https,CONNECT,,/127.0.0.1,50094,music.youtube.com/142.250.76.174,443,com.xk72.proxy.ProxyAbortException: Blocked CONNECT https://music.youtube.com - connection dropped,01 Nov 2023 12:31:32,,,01 Nov 2023 12:31:32,93,41,38,,,,,0.0,,,,0,,,0,,,
https://rr5---sn-cvh76nlk.gvt1.com,COMPLETE,200,https,CONNECT,,/192.168.1.174,34472,rr5---sn-cvh76nlk.gvt1.com/172.217.136.106,443,,01 Nov 2023 12:31:32,,,01 Nov 2023 12:31:32,585,2,36,75,,,,691.88184,,,1040,0,851,260,0,412314,,
https://music.youtube.com,BLOCKED,200,https,CONNECT,,/127.0.0.1,50097,music.youtube.com/172.217.174.238,443,com.xk72.proxy.ProxyAbortException: Blocked CONNECT https://music.youtube.com - connection dropped,01 Nov 2023 12:31:32,,,01 Nov 2023 12:31:32,45,3,38,,,,,0.0,,,,0,,,0,,,
https://music.youtube.com,BLOCKED,200,https,CONNECT,,/127.0.0.1,50099,music.youtube.com/172.217.174.238,443,com.xk72.proxy.ProxyAbortException: Blocked CONNECT https://music.youtube.com - connection dropped,01 Nov 2023 12:31:32,,,01 Nov 2023 12:31:32,39,3,35,,,,,0.0,,,,0,,,0,,,
https://rr1---sn-cvh7knle.gvt1.com,COMPLETE,200,https,CONNECT,,/192.168.1.174,34476,rr1---sn-cvh7knle.gvt1.com/74.125.169.134,443,,01 Nov 2023 12:31:33,,,01 Nov 2023 12:31:37,4259,52,22,57,,,,8829.039,,,1040,0,928,260,0,38503121,,
https://chat.google.com,BLOCKED,200,https,CONNECT,,/127.0.0.1,50102,chat.google.com/142.250.183.174,443,com.xk72.proxy.ProxyAbortException: Blocked CONNECT https://chat.google.com - connection dropped,01 Nov 2023 12:31:35,,,01 Nov 2023 12:31:35,70,3,31,,,,,0.0,,,,0,,,0,,,
https://chat.google.com,BLOCKED,200,https,CONNECT,,/127.0.0.1,50104,chat.google.com/142.250.183.174,443,com.xk72.proxy.ProxyAbortException: Blocked CONNECT https://chat.google.com - connection dropped,01 Nov 2023 12:31:35,,,01 Nov 2023 12:31:35,78,2,73,,,,,0.0,,,,0,,,0,,,
https://chat.google.com,BLOCKED,200,https,CONNECT,,/127.0.0.1,50106,chat.google.com/142.250.183.174,443,com.xk72.proxy.ProxyAbortException: Blocked CONNECT https://chat.google.com - connection dropped,01 Nov 2023 12:31:35,,,01 Nov 2023 12:31:35,52,1,49,,,,,0.0,,,,0,,,0,,,
https://chat.google.com,BLOCKED,200,https,CONNECT,,/127.0.0.1,50108,chat.google.com/142.250.183.174,443,com.xk72.proxy.ProxyAbortException: Blocked CONNECT https://chat.google.com - connection dropped,01 Nov 2023 12:31:35,,,01 Nov 2023 12:31:35,56,2,52,,,,,0.0,,,,0,,,0,,,
https://chat.google.com,BLOCKED,200,https,CONNECT,,/127.0.0.1,50110,chat.google.com/142.250.183.174,443,com.xk72.proxy.ProxyAbortException: Blocked CONNECT https://chat.google.com - connection dropped,01 Nov 2023 12:31:35,,,01 Nov 2023 12:31:35,48,2,44,,,,,0.0,,,,0,,,0,,,
https://chat.google.com,BLOCKED,200,https,CONNECT,,/127.0.0.1,50112,chat.google.com/142.250.183.174,443,com.xk72.proxy.ProxyAbortException: Blocked CONNECT https://chat.google.com - connection dropped,01 Nov 2023 12:31:35,,,01 Nov 2023 12:31:35,37,1,29,,,,,0.0,,,,0,,,0,,,
https://chat.google.com,BLOCKED,200,https,CONNECT,,/127.0.0.1,50114,chat.google.com/142.250.183.174,443,com.xk72.proxy.ProxyAbortException: Blocked CONNECT https://chat.google.com - connection dropped,01 Nov 2023 12:31:35,,,01 Nov 2023 12:31:35,30,1,25,,,,,0.0,,,,0,,,0,,,
https://chat.google.com,BLOCKED,200,https,CONNECT,,/127.0.0.1,50116,chat.google.com/142.250.183.174,443,com.xk72.proxy.ProxyAbortException: Blocked CONNECT https://chat.google.com - connection dropped,01 Nov 2023 12:31:35,,,01 Nov 2023 12:31:35,47,1,45,,,,,0.0,,,,0,,,0,,,
https://chat.google.com,BLOCKED,200,https,CONNECT,,/127.0.0.1,50118,chat.google.com/142.250.183.174,443,com.xk72.proxy.ProxyAbortException: Blocked CONNECT https://chat.google.com - connection dropped,01 Nov 2023 12:31:35,,,01 Nov 2023 12:31:35,42,1,37,,,,,0.0,,,,0,,,0,,,
https://gstatic.com,RECEIVING_REQUEST_BODY,200,https,CONNECT,,/192.168.1.174,56738,gstatic.com/142.250.182.227,443,,01 Nov 2023 12:31:50,,,,181528,54,22,,,,,0.001953125,,,529,0,0,,0,0,,
https://www.gstatic.com,RECEIVING_REQUEST_BODY,200,https,CONNECT,,/192.168.1.174,56748,www.gstatic.com/142.250.67.227,443,,01 Nov 2023 12:31:50,,,,180999,1,40,,,,,0.001953125,,,533,0,0,,0,0,,
https://rr4---sn-cvh7knle.gvt1.com,COMPLETE,200,https,CONNECT,,/192.168.1.174,56750,rr4---sn-cvh7knle.gvt1.com/74.125.169.137,443,,01 Nov 2023 12:31:50,,,01 Nov 2023 12:31:51,226,1,37,72,,,,337.79102,,,1040,0,850,260,0,76023,,
https://rr5---sn-cvh76nl6.gvt1.com,COMPLETE,200,https,CONNECT,,/192.168.1.174,56766,rr5---sn-cvh76nl6.gvt1.com/173.194.154.202,443,,01 Nov 2023 12:31:51,,,01 Nov 2023 12:31:53,2422,2,36,71,,,,7051.4336,,,1040,0,929,260,0,17486229,,
https://www.googleapis.com,RECEIVING_REQUEST_BODY,200,https,CONNECT,,/127.0.0.1,50124,www.googleapis.com/172.217.160.202,443,,01 Nov 2023 12:31:59,,,,172005,4,43,103,,,,1.5263672,,,1122,0,171832,272,0,95652,,
https://rr3---sn-cvh76nll.gvt1.com,COMPLETE,200,https,CONNECT,,/192.168.1.174,47464,rr3---sn-cvh76nll.gvt1.com/173.194.52.168,443,,01 Nov 2023 12:32:01,,,01 Nov 2023 12:32:01,366,54,25,63,,,,504.02344,,,1040,0,850,260,0,186750,,
https://rr1---sn-cvh76nle.gvt1.com,COMPLETE,200,https,CONNECT,,/192.168.1.174,47666,rr1---sn-cvh76nle.gvt1.com/173.194.52.134,443,,01 Nov 2023 12:32:01,,,01 Nov 2023 12:32:07,5370,325,37,70,,,,5674.1104,,,1040,0,928,260,0,31199027,,
https://music.youtube.com,BLOCKED,200,https,CONNECT,,/127.0.0.1,50128,music.youtube.com/142.250.183.206,443,com.xk72.proxy.ProxyAbortException: Blocked CONNECT https://music.youtube.com - connection dropped,01 Nov 2023 12:32:02,,,01 Nov 2023 12:32:02,201,129,44,,,,,0.0,,,,0,,,0,,,
https://music.youtube.com,BLOCKED,200,https,CONNECT,,/127.0.0.1,50130,music.youtube.com/142.250.183.14,443,com.xk72.proxy.ProxyAbortException: Blocked CONNECT https://music.youtube.com - connection dropped,01 Nov 2023 12:32:02,,,01 Nov 2023 12:32:02,102,4,86,,,,,0.0,,,,0,,,0,,,
https://music.youtube.com,BLOCKED,200,https,CONNECT,,/127.0.0.1,50132,music.youtube.com/142.250.183.14,443,com.xk72.proxy.ProxyAbortException: Blocked CONNECT https://music.youtube.com - connection dropped,01 Nov 2023 12:32:02,,,01 Nov 2023 12:32:02,120,1,111,,,,,0.0,,,,0,,,0,,,
https://chat.google.com,BLOCKED,200,https,CONNECT,,/127.0.0.1,50134,chat.google.com/142.250.183.174,443,com.xk72.proxy.ProxyAbortException: Blocked CONNECT https://chat.google.com - connection dropped,01 Nov 2023 12:32:03,,,01 Nov 2023 12:32:03,83,3,44,,,,,0.0,,,,0,,,0,,,
https://chat.google.com,BLOCKED,200,https,CONNECT,,/127.0.0.1,50136,chat.google.com/142.250.183.174,443,com.xk72.proxy.ProxyAbortException: Blocked CONNECT https://chat.google.com - connection dropped,01 Nov 2023 12:32:03,,,01 Nov 2023 12:32:03,41,0,39,,,,,0.0,,,,0,,,0,,,
https://chat.google.com,BLOCKED,200,https,CONNECT,,/127.0.0.1,50138,chat.google.com/142.250.183.174,443,com.xk72.proxy.ProxyAbortException: Blocked CONNECT https://chat.google.com - connection dropped,01 Nov 2023 12:32:03,,,01 Nov 2023 12:32:03,25,0,24,,,,,0.0,,,,0,,,0,,,
https://www.googleapis.com,RECEIVING_RESPONSE_BODY,200,https,CONNECT,,/127.0.0.1,50141,www.googleapis.com/172.217.160.202,443,,01 Nov 2023 12:32:07,,,,164445,15,35,99,,,,1.5068359,,,1122,0,169982,272,0,82453,,
https://www.googleapis.com,RECEIVING_REQUEST_BODY,200,https,CONNECT,,/127.0.0.1,50142,www.googleapis.com/142.251.42.10,443,,01 Nov 2023 12:32:07,,,,164428,20,25,88,,,,0.04296875,,,1122,0,3762,272,0,2163,,
https://drivefrontend-pa.googleapis.com,RECEIVING_REQUEST_BODY,200,https,CONNECT,,/127.0.0.1,50143,drivefrontend-pa.googleapis.com/142.250.67.234,443,,01 Nov 2023 12:32:07,,,,164428,78,39,98,,,,0.056640625,,,1148,0,5656,272,0,2472,,
https://drivefrontend-pa.googleapis.com,RECEIVING_REQUEST_BODY,200,https,CONNECT,,/127.0.0.1,50144,drivefrontend-pa.googleapis.com/142.250.67.234,443,,01 Nov 2023 12:32:07,,,,164427,77,22,86,,,,0.07421875,,,1148,0,7522,272,0,3683,,
https://www.googleapis.com,RECEIVING_REQUEST_BODY,200,https,CONNECT,,/127.0.0.1,50145,www.googleapis.com/142.251.42.10,443,,01 Nov 2023 12:32:07,,,,164426,5,28,99,,,,0.04296875,,,1122,0,3762,272,0,2171,,
https://www.googleapis.com,RECEIVING_REQUEST_BODY,200,https,CONNECT,,/127.0.0.1,50147,www.googleapis.com/142.251.42.10,443,,01 Nov 2023 12:32:07,,,,164401,3,44,100,,,,0.06347656,,,1122,0,5614,272,0,3686,,
https://drivefrontend-pa.googleapis.com,COMPLETE,200,https,CONNECT,,/127.0.0.1,50153,drivefrontend-pa.googleapis.com/142.250.67.234,443,,01 Nov 2023 12:32:10,,,01 Nov 2023 12:34:30,139961,7,37,107,,,,0.034179688,,,1148,0,1948,272,0,1647,,
https://www.googleapis.com,RECEIVING_REQUEST_BODY,200,https,CONNECT,,/127.0.0.1,50154,www.googleapis.com/142.251.42.10,443,,01 Nov 2023 12:32:10,,,,161420,9,37,102,,,,0.04296875,,,1122,0,3762,272,0,2047,,
https://drivefrontend-pa.googleapis.com,RECEIVING_REQUEST_BODY,200,https,CONNECT,,/127.0.0.1,50155,drivefrontend-pa.googleapis.com/142.250.67.234,443,,01 Nov 2023 12:32:10,,,,161419,9,22,85,,,,0.05859375,,,1148,0,5656,272,0,2713,,
https://drivefrontend-pa.googleapis.com,RECEIVING_REQUEST_BODY,200,https,CONNECT,,/127.0.0.1,50156,drivefrontend-pa.googleapis.com/142.250.67.234,443,,01 Nov 2023 12:32:10,,,,161419,10,24,83,,,,0.05859375,,,1148,0,5656,272,0,2685,,
https://www.googleapis.com,RECEIVING_REQUEST_BODY,200,https,CONNECT,,/127.0.0.1,50157,www.googleapis.com/172.217.160.202,443,,01 Nov 2023 12:32:10,,,,161418,5,36,102,,,,0.043945312,,,1122,0,3762,272,0,2227,,
https://drivefrontend-pa.googleapis.com,RECEIVING_REQUEST_BODY,200,https,CONNECT,,/127.0.0.1,50159,drivefrontend-pa.googleapis.com/142.250.67.234,443,,01 Nov 2023 12:32:10,,,,161419,7,41,,,,,0.0029296875,,,517,0,0,,0,0,,
https://www.googleapis.com,RECEIVING_REQUEST_BODY,200,https,CONNECT,,/127.0.0.1,50158,www.googleapis.com/142.251.42.10,443,,01 Nov 2023 12:32:10,,,,161411,1,40,98,,,,0.083984375,,,1122,0,7466,272,0,5074,,
https://drivefrontend-pa.googleapis.com,RECEIVING_REQUEST_BODY,200,https,CONNECT,,/127.0.0.1,50168,drivefrontend-pa.googleapis.com/142.250.67.234,443,,01 Nov 2023 12:32:11,,,,160432,4,28,88,,,,0.041015625,,,1148,0,3790,272,0,1608,,
https://drivefrontend-pa.googleapis.com,RECEIVING_REQUEST_BODY,200,https,CONNECT,,/127.0.0.1,50167,drivefrontend-pa.googleapis.com/142.250.67.234,443,,01 Nov 2023 12:32:11,,,,160432,5,43,98,,,,0.041015625,,,1148,0,3790,272,0,1551,,
https://www.googleapis.com,RECEIVING_REQUEST_BODY,200,https,CONNECT,,/127.0.0.1,50169,www.googleapis.com/142.251.42.10,443,,01 Nov 2023 12:32:11,,,,160431,4,37,99,,,,0.04296875,,,1122,0,3762,272,0,2025,,
https://dl.google.com,RECEIVING_RESPONSE_BODY,200,https,CONNECT,,/192.168.1.174,60068,dl.google.com/142.250.183.174,443,,01 Nov 2023 12:32:15,,,,156124,59,40,275,,,,45.530273,,,807,0,192,33551,0,7244560,,
https://rr2---sn-cvh76nlz.gvt1.com,COMPLETE,200,https,CONNECT,,/192.168.1.174,60076,rr2---sn-cvh76nlz.gvt1.com/173.194.154.167,443,,01 Nov 2023 12:32:16,,,01 Nov 2023 12:32:19,3027,309,39,142,,,,1760.2256,,,1040,0,928,260,0,5453853,,
https://www.googleapis.com,RECEIVED_RESPONSE_HEADER,200,https,CONNECT,,/127.0.0.1,50176,www.googleapis.com/142.251.42.10,443,,01 Nov 2023 12:32:19,,,,152364,3,71,,,,,0.0029296875,,,558,0,0,,0,0,,
https://www.googleapis.com,RECEIVING_REQUEST_BODY,200,https,CONNECT,,/127.0.0.1,50175,www.googleapis.com/172.217.160.202,443,,01 Nov 2023 12:32:19,,,,152364,3,71,114,,,,0.045898438,,,1122,0,3762,272,0,2120,,
https://rr5---sn-cvh76nl6.gvt1.com,COMPLETE,200,https,CONNECT,,/192.168.1.174,60092,rr5---sn-cvh76nl6.gvt1.com/173.194.154.202,443,,01 Nov 2023 12:32:20,,,01 Nov 2023 12:32:20,403,2,23,109,,,,408.02832,,,1040,0,851,260,0,166231,,
https://drivefrontend-pa.googleapis.com,COMPLETE,200,https,CONNECT,,/127.0.0.1,50180,drivefrontend-pa.googleapis.com/142.250.67.234,443,,01 Nov 2023 12:32:20,,,01 Nov 2023 12:34:32,132288,2,61,127,,,,0.068359375,,,1040,0,1948,260,0,6029,,
https://rr2---sn-cvh76nes.gvt1.com,COMPLETE,200,https,CONNECT,,/192.168.1.174,60106,rr2---sn-cvh76nes.gvt1.com/173.194.14.39,443,,01 Nov 2023 12:32:20,,,01 Nov 2023 12:32:21,379,1,30,105,,,,175.14648,,,1040,0,914,260,0,65760,,
https://www.googleapis.com,RECEIVING_REQUEST_BODY,200,https,CONNECT,,/127.0.0.1,50191,www.googleapis.com/142.251.42.10,443,,01 Nov 2023 12:32:22,,,,149359,6,28,,,,,0.0029296875,,,517,0,0,,0,0,,
https://www.googleapis.com,RECEIVING_REQUEST_BODY,200,https,CONNECT,,/127.0.0.1,50192,www.googleapis.com/142.251.42.10,443,,01 Nov 2023 12:32:22,,,,149359,3,39,,,,,0.0029296875,,,517,0,0,,0,0,,
https://www.googleapis.com,RECEIVED_RESPONSE_HEADER,200,https,CONNECT,,/127.0.0.1,50193,www.googleapis.com/142.251.42.10,443,,01 Nov 2023 12:32:22,,,,149359,1,44,,,,,0.0029296875,,,517,0,0,,0,0,,
https://www.googleapis.com,RECEIVED_RESPONSE_HEADER,200,https,CONNECT,,/127.0.0.1,50188,www.googleapis.com/142.251.42.10,443,,01 Nov 2023 12:32:22,,,,149360,2,69,,,,,0.0029296875,,,517,0,0,,0,0,,
https://drivefrontend-pa.googleapis.com,RECEIVED_RESPONSE_HEADER,200,https,CONNECT,,/127.0.0.1,50187,drivefrontend-pa.googleapis.com/142.250.67.234,443,,01 Nov 2023 12:32:22,,,,149360,2,48,,,,,0.0029296875,,,517,0,0,,0,0,,
https://drivefrontend-pa.googleapis.com,RECEIVED_RESPONSE_HEADER,200,https,CONNECT,,/127.0.0.1,50190,drivefrontend-pa.googleapis.com/142.250.67.234,443,,01 Nov 2023 12:32:22,,,,149360,10,47,,,,,0.0029296875,,,517,0,0,,0,0,,
https://drivefrontend-pa.googleapis.com,RECEIVED_RESPONSE_HEADER,200,https,CONNECT,,/127.0.0.1,50184,drivefrontend-pa.googleapis.com/142.250.67.234,443,,01 Nov 2023 12:32:22,,,,149360,3,45,,,,,0.0029296875,,,571,0,0,,0,0,,
https://drivefrontend-pa.googleapis.com,RECEIVED_RESPONSE_HEADER,200,https,CONNECT,,/127.0.0.1,50186,drivefrontend-pa.googleapis.com/142.250.67.234,443,,01 Nov 2023 12:32:22,,,,149360,1,55,,,,,0.0029296875,,,517,0,0,,0,0,,
https://drivefrontend-pa.googleapis.com,RECEIVING_REQUEST_BODY,200,https,CONNECT,,/127.0.0.1,50185,drivefrontend-pa.googleapis.com/142.250.67.234,443,,01 Nov 2023 12:32:22,,,,149359,6,27,,,,,0.0029296875,,,517,0,0,,0,0,,
https://drivefrontend-pa.googleapis.com,RECEIVING_REQUEST_BODY,200,https,CONNECT,,/127.0.0.1,50189,drivefrontend-pa.googleapis.com/142.250.192.42,443,,01 Nov 2023 12:32:22,,,,149359,9,30,,,,,0.0029296875,,,517,0,0,,0,0,,
https://drivefrontend-pa.googleapis.com,RECEIVED_RESPONSE_HEADER,200,https,CONNECT,,/127.0.0.1,50183,drivefrontend-pa.googleapis.com/142.250.67.234,443,,01 Nov 2023 12:32:22,,,,149359,3,56,,,,,0.0029296875,,,517,0,0,,0,0,,
https://configuration.apple.com,COMPLETE,200,https,CONNECT,,/127.0.0.1,50205,configuration.apple.com/23.201.220.26,443,,01 Nov 2023 12:32:24,,,01 Nov 2023 12:32:55,31035,53,48,127,,,,0.30664062,,,1040,0,562,260,0,7883,,
https://rr2---sn-cvh76nll.gvt1.com,COMPLETE,200,https,CONNECT,,/192.168.1.174,42140,rr2---sn-cvh76nll.gvt1.com/173.194.52.167,443,,01 Nov 2023 12:32:25,,,01 Nov 2023 12:32:25,356,1,32,51,,,,1013.249,,,1040,0,850,260,0,367224,,
https://rr5---sn-cvh7kn6s.gvt1.com,COMPLETE,200,https,CONNECT,,/192.168.1.174,42150,rr5---sn-cvh7kn6s.gvt1.com/172.217.141.74,443,,01 Nov 2023 12:32:26,,,01 Nov 2023 12:32:26,356,2,39,67,,,,514.8096,,,1040,0,914,260,0,185457,,
https://rr3---sn-cvh7kn6d.gvt1.com,COMPLETE,200,https,CONNECT,,/192.168.1.174,42152,rr3---sn-cvh7kn6d.gvt1.com/74.125.158.40,443,,01 Nov 2023 12:32:26,,,01 Nov 2023 12:32:27,841,334,38,78,,,,92.694336,,,1040,0,914,260,0,77613,,
https://rr2---sn-cvh76ner.gvt1.com,COMPLETE,200,https,CONNECT,,/192.168.1.174,42166,rr2---sn-cvh76ner.gvt1.com/74.125.169.71,443,,01 Nov 2023 12:32:27,,,01 Nov 2023 12:32:28,591,277,39,84,,,,88.927734,,,1040,0,915,260,0,51603,,
https://ssl.google-analytics.com,RECEIVED_RESPONSE_HEADER,200,https,CONNECT,,/192.168.1.174,42178,ssl.google-analytics.com/142.250.183.136,443,,01 Nov 2023 12:32:28,,,,143140,44,38,,,,,9.765625E-4,,,190,0,0,,0,0,,
https://rr2---sn-cvh76ney.gvt1.com,COMPLETE,200,https,CONNECT,,/192.168.1.174,42190,rr2---sn-cvh76ney.gvt1.com/74.125.169.103,443,,01 Nov 2023 12:32:28,,,01 Nov 2023 12:32:31,2719,58,22,63,,,,3382.29,,,1040,0,928,260,0,9414935,,
https://music.youtube.com,BLOCKED,200,https,CONNECT,,/127.0.0.1,50213,music.youtube.com/142.250.183.46,443,com.xk72.proxy.ProxyAbortException: Blocked CONNECT https://music.youtube.com - connection dropped,01 Nov 2023 12:32:33,,,01 Nov 2023 12:32:33,809,64,96,,,,,0.0,,,,0,,,0,,,
https://music.youtube.com,BLOCKED,200,https,CONNECT,,/127.0.0.1,50215,music.youtube.com/142.250.183.46,443,com.xk72.proxy.ProxyAbortException: Blocked CONNECT https://music.youtube.com - connection dropped,01 Nov 2023 12:32:34,,,01 Nov 2023 12:32:34,220,17,37,,,,,0.0,,,,0,,,0,,,
https://music.youtube.com,BLOCKED,200,https,CONNECT,,/127.0.0.1,50218,music.youtube.com/172.217.160.174,443,com.xk72.proxy.ProxyAbortException: Blocked CONNECT https://music.youtube.com - connection dropped,01 Nov 2023 12:32:34,,,01 Nov 2023 12:32:34,155,60,69,,,,,0.0,,,,0,,,0,,,
https://app-measurement.com,RECEIVING_REQUEST_BODY,200,https,CONNECT,,/192.168.1.174,46902,app-measurement.com/142.250.66.14,443,,01 Nov 2023 12:32:34,,,,137103,227,673,179,,,,0.040039062,,,1608,0,2301,390,0,1355,,
https://firebaseinstallations.googleapis.com,RECEIVING_REQUEST_BODY,200,https,CONNECT,,/192.168.1.174,46912,firebaseinstallations.googleapis.com/142.251.42.74,443,,01 Nov 2023 12:32:35,,,,135973,109,104,,,,,0.0029296875,,,517,0,0,,0,0,,
https://notifications-pa.googleapis.com,RECEIVED_RESPONSE_HEADER,200,https,CONNECT,,/192.168.1.174,46918,notifications-pa.googleapis.com/142.251.42.106,443,,01 Nov 2023 12:32:35,,,,135702,104,198,,,,,0.0029296875,,,517,0,0,,0,0,,
https://play.googleapis.com,RECEIVING_REQUEST_BODY,200,https,CONNECT,,/192.168.1.174,46924,play.googleapis.com/142.250.77.170,443,,01 Nov 2023 12:32:36,,,,135353,143,106,313,,,,0.06933594,,,1040,0,1225,260,0,7130,,
https://android.apis.google.com,RECEIVING_REQUEST_BODY,200,https,CONNECT,,/192.168.1.174,46942,android.apis.google.com/142.250.192.78,443,,01 Nov 2023 12:32:37,,,,134169,107,31,152,,,,0.0546875,,,1096,0,3822,272,0,2339,,
https://rr3---sn-cvh7knzy.gvt1.com,COMPLETE,200,https,CONNECT,,/192.168.1.174,46930,rr3---sn-cvh7knzy.gvt1.com/172.217.140.8,443,,01 Nov 2023 12:32:37,,,01 Nov 2023 12:32:47,9911,325,35,101,,,,675.03125,,,1040,0,901,260,0,6848602,,
https://chat.google.com,BLOCKED,200,https,CONNECT,,/127.0.0.1,50226,chat.google.com/142.250.183.174,443,com.xk72.proxy.ProxyAbortException: Blocked CONNECT https://chat.google.com - connection dropped,01 Nov 2023 12:32:40,,,01 Nov 2023 12:32:45,4556,79,4036,,,,,0.0,,,,0,,,0,,,
https://rr3---sn-cvh76nlk.gvt1.com,COMPLETE,200,https,CONNECT,,/192.168.1.174,46956,rr3---sn-cvh76nlk.gvt1.com/172.217.136.104,443,,01 Nov 2023 12:32:44,,,01 Nov 2023 12:32:56,12361,186,168,517,,,,254.84375,,,1040,0,928,260,0,3223499,,
https://stocks-data-service.apple.com,COMPLETE,200,https,CONNECT,,/127.0.0.1,50227,stocks-data-service.apple.com/23.46.187.8,443,,01 Nov 2023 12:32:44,,,01 Nov 2023 12:33:13,28874,231,184,265,,,,1.2050781,,,1040,0,1951,260,0,32381,,
https://chat.google.com,BLOCKED,200,https,CONNECT,,/127.0.0.1,50231,chat.google.com/142.250.183.174,443,com.xk72.proxy.ProxyAbortException: Blocked CONNECT https://chat.google.com - connection dropped,01 Nov 2023 12:32:45,,,01 Nov 2023 12:32:46,875,153,38,,,,,0.0,,,,0,,,0,,,
https://chat.google.com,BLOCKED,200,https,CONNECT,,/127.0.0.1,50233,chat.google.com/142.250.183.174,443,com.xk72.proxy.ProxyAbortException: Blocked CONNECT https://chat.google.com - connection dropped,01 Nov 2023 12:32:46,,,01 Nov 2023 12:32:55,8906,3300,516,,,,,0.0,,,,0,,,0,,,
https://rr1---sn-cvh76nls.gvt1.com,COMPLETE,200,https,CONNECT,,/192.168.1.174,54868,rr1---sn-cvh76nls.gvt1.com/173.194.154.134,443,,01 Nov 2023 12:32:57,,,01 Nov 2023 12:32:57,389,21,23,81,,,,371.22363,,,1040,0,851,260,0,145721,,
https://rr5---sn-cvh76nld.gvt1.com,COMPLETE,200,https,CONNECT,,/192.168.1.174,43646,rr5---sn-cvh76nld.gvt1.com/173.194.154.234,443,,01 Nov 2023 12:33:02,,,01 Nov 2023 12:33:03,1203,255,43,374,,,,136.68945,,,1040,0,851,260,0,166234,,
https://rr3---sn-cvh76nl6.gvt1.com,COMPLETE,200,https,CONNECT,,/192.168.1.174,43660,rr3---sn-cvh76nl6.gvt1.com/173.194.154.200,443,,01 Nov 2023 12:33:03,,,01 Nov 2023 12:33:09,5422,62,24,117,,,,563.876,,,1040,0,929,260,0,3128483,,
https://music.youtube.com,BLOCKED,200,https,CONNECT,,/127.0.0.1,50239,music.youtube.com/142.250.183.206,443,com.xk72.proxy.ProxyAbortException: Blocked CONNECT https://music.youtube.com - connection dropped,01 Nov 2023 12:33:08,,,01 Nov 2023 12:33:10,1820,79,129,,,,,0.0,,,,0,,,0,,,
https://rr2---sn-cvh7knzd.gvt1.com,COMPLETE,200,https,CONNECT,,/192.168.1.174,43668,rr2---sn-cvh7knzd.gvt1.com/172.217.136.167,443,,01 Nov 2023 12:33:10,,,01 Nov 2023 12:33:11,889,307,127,131,,,,37.839844,,,1040,0,915,260,0,32232,,
https://music.youtube.com,BLOCKED,200,https,CONNECT,,/127.0.0.1,50241,music.youtube.com/142.250.182.238,443,com.xk72.proxy.ProxyAbortException: Blocked CONNECT https://music.youtube.com - connection dropped,01 Nov 2023 12:33:10,,,01 Nov 2023 12:33:11,227,21,167,,,,,0.0,,,,0,,,0,,,
https://music.youtube.com,BLOCKED,200,https,CONNECT,,/127.0.0.1,50244,music.youtube.com/142.250.182.238,443,com.xk72.proxy.ProxyAbortException: Blocked CONNECT https://music.youtube.com - connection dropped,01 Nov 2023 12:33:11,,,01 Nov 2023 12:33:11,145,71,32,,,,,0.0,,,,0,,,0,,,
https://configuration.apple.com,COMPLETE,200,https,CONNECT,,/127.0.0.1,50246,configuration.apple.com/23.201.220.26,443,,01 Nov 2023 12:33:11,,,01 Nov 2023 12:33:42,31617,124,62,275,,,,0.30078125,,,1040,0,562,260,0,7907,,
https://chat.google.com,BLOCKED,200,https,CONNECT,,/127.0.0.1,50248,chat.google.com/142.250.183.174,443,com.xk72.proxy.ProxyAbortException: Blocked CONNECT https://chat.google.com - connection dropped,01 Nov 2023 12:33:13,,,01 Nov 2023 12:33:13,405,95,34,,,,,0.0,,,,0,,,0,,,
https://chat.google.com,BLOCKED,200,https,CONNECT,,/127.0.0.1,50250,chat.google.com/142.250.183.174,443,com.xk72.proxy.ProxyAbortException: Blocked CONNECT https://chat.google.com - connection dropped,01 Nov 2023 12:33:13,,,01 Nov 2023 12:33:14,353,64,156,,,,,0.0,,,,0,,,0,,,
https://chat.google.com,BLOCKED,200,https,CONNECT,,/127.0.0.1,50252,chat.google.com/142.250.183.174,443,com.xk72.proxy.ProxyAbortException: Blocked CONNECT https://chat.google.com - connection dropped,01 Nov 2023 12:33:14,,,01 Nov 2023 12:33:14,183,98,41,,,,,0.0,,,,0,,,0,,,
https://rr2---sn-cvh7kney.gvt1.com,COMPLETE,200,https,CONNECT,,/192.168.1.174,57388,rr2---sn-cvh7kney.gvt1.com/173.194.52.7,443,,01 Nov 2023 12:33:16,,,01 Nov 2023 12:33:19,2708,1317,51,398,,,,415.70508,,,1040,0,849,260,0,1150600,,
https://rr1---sn-cvhelnls.gvt1.com,COMPLETE,200,https,CONNECT,,/192.168.1.174,57402,rr1---sn-cvhelnls.gvt1.com/172.217.141.134,443,,01 Nov 2023 12:33:19,,,01 Nov 2023 12:33:22,2086,88,26,265,,,,327.22266,,,1040,0,914,260,0,696756,,
https://rr2---sn-cvh76nlk.gvt1.com,CONNECTING,0,https,CONNECT,,/192.168.1.174,46500,rr2---sn-cvh76nlk.gvt1.com/172.217.136.103,443,,01 Nov 2023 12:33:22,,,,88743,87,,,,,,0.0,,,,0,,,,,,
https://rr2---sn-cvh76nlk.gvt1.com,COMPLETE,200,https,CONNECT,,/192.168.1.174,46500,rr2---sn-cvh76nlk.gvt1.com/172.217.136.103,443,,01 Nov 2023 12:33:22,,,01 Nov 2023 12:33:29,6284,87,2813,225,,,,24.07129,,,1040,0,914,260,0,152685,,
https://music.youtube.com,BLOCKED,200,https,CONNECT,,/127.0.0.1,50257,music.youtube.com/142.250.183.46,443,com.xk72.proxy.ProxyAbortException: Blocked CONNECT https://music.youtube.com - connection dropped,01 Nov 2023 12:33:27,,,01 Nov 2023 12:33:28,1328,374,293,,,,,0.0,,,,0,,,0,,,
https://music.youtube.com,BLOCKED,200,https,CONNECT,,/127.0.0.1,50259,music.youtube.com/172.217.160.174,443,com.xk72.proxy.ProxyAbortException: Blocked CONNECT https://music.youtube.com - connection dropped,01 Nov 2023 12:33:28,,,01 Nov 2023 12:33:28,106,51,23,,,,,0.0,,,,0,,,0,,,
https://music.youtube.com,BLOCKED,200,https,CONNECT,,/127.0.0.1,50261,music.youtube.com/142.250.182.206,443,com.xk72.proxy.ProxyAbortException: Blocked CONNECT https://music.youtube.com - connection dropped,01 Nov 2023 12:33:28,,,01 Nov 2023 12:33:29,415,41,308,,,,,0.0,,,,0,,,0,,,
https://rr3---sn-cvh76nlz.gvt1.com,COMPLETE,200,https,CONNECT,,/192.168.1.174,46502,rr3---sn-cvh76nlz.gvt1.com/173.194.154.168,443,,01 Nov 2023 12:33:29,,,01 Nov 2023 12:33:54,24642,75,36,197,,,,3424.336,,,1040,0,928,260,0,86405450,,
https://music.youtube.com,BLOCKED,200,https,CONNECT,,/127.0.0.1,50264,music.youtube.com/172.217.160.174,443,com.xk72.proxy.ProxyAbortException: Blocked CONNECT https://music.youtube.com - connection dropped,01 Nov 2023 12:33:45,,,01 Nov 2023 12:33:45,48,4,26,,,,,0.0,,,,0,,,0,,,
https://ocsp2.apple.com,RECEIVING_REQUEST_BODY,200,https,CONNECT,,/127.0.0.1,50266,ocsp2.apple.com/17.253.61.205,443,,01 Nov 2023 12:33:45,,,,65819,54,62,,,,,0.0068359375,,,517,0,0,,0,0,,
https://music.youtube.com,BLOCKED,200,https,CONNECT,,/127.0.0.1,50267,music.youtube.com/172.217.174.78,443,com.xk72.proxy.ProxyAbortException: Blocked CONNECT https://music.youtube.com - connection dropped,01 Nov 2023 12:33:45,,,01 Nov 2023 12:33:45,36,1,33,,,,,0.0,,,,0,,,0,,,
https://music.youtube.com,BLOCKED,200,https,CONNECT,,/127.0.0.1,50269,music.youtube.com/172.217.174.78,443,com.xk72.proxy.ProxyAbortException: Blocked CONNECT https://music.youtube.com - connection dropped,01 Nov 2023 12:33:45,,,01 Nov 2023 12:33:45,26,1,22,,,,,0.0,,,,0,,,0,,,
https://gateway.icloud.com,COMPLETE,200,https,CONNECT,,/127.0.0.1,50272,gateway.icloud.com/17.248.239.65,443,,01 Nov 2023 12:33:54,,,01 Nov 2023 12:34:24,30397,56,25,37,,,,0.3408203,,,1040,0,2069,260,0,7248,,
https://configuration.apple.com,COMPLETE,200,https,CONNECT,,/127.0.0.1,50275,configuration.apple.com/23.201.220.26,443,,01 Nov 2023 12:33:59,,,01 Nov 2023 12:34:30,30680,56,47,112,,,,0.3095703,,,1040,0,562,260,0,7883,,
https://android.googleapis.com,RECEIVING_REQUEST_BODY,200,https,CONNECT,,/192.168.1.174,41890,android.googleapis.com/142.250.192.106,443,,01 Nov 2023 12:34:02,,,,49310,42,21,,,,,0.0146484375,,,781,0,0,,0,0,,
https://android.googleapis.com,RECEIVING_REQUEST_BODY,200,https,CONNECT,,/192.168.1.174,41904,android.googleapis.com/142.250.192.106,443,,01 Nov 2023 12:34:04,,,,47330,2,24,,,,,0.015625,,,781,0,0,,0,0,,
https://mail.google.com,RECEIVING_REQUEST_BODY,200,https,CONNECT,,/127.0.0.1,50279,mail.google.com/172.217.174.229,443,,01 Nov 2023 12:34:05,,,,45763,53,25,,,,,0.0107421875,,,517,0,0,,0,0,,
https://rr2---sn-cvh76nlz.gvt1.com,COMPLETE,200,https,CONNECT,,/192.168.1.174,41914,rr2---sn-cvh76nlz.gvt1.com/173.194.154.167,443,,01 Nov 2023 12:34:09,,,01 Nov 2023 12:34:10,387,7,24,68,,,,1714.6865,,,1040,0,901,260,0,677309,,
https://rr4---sn-cvhelnll.gvt1.com,COMPLETE,200,https,CONNECT,,/192.168.1.174,41920,rr4---sn-cvhelnll.gvt1.com/172.217.141.105,443,,01 Nov 2023 12:34:10,,,01 Nov 2023 12:34:10,797,290,23,287,,,,201.30371,,,1040,0,851,260,0,162139,,
https://rr2---sn-cvh7knzk.gvt1.com,COMPLETE,200,https,CONNECT,,/192.168.1.174,41934,rr2---sn-cvh7knzk.gvt1.com/172.217.136.199,443,,01 Nov 2023 12:34:11,,,01 Nov 2023 12:34:11,886,124,23,60,,,,3791.4873,,,1040,0,928,260,0,3437652,,
https://chat.google.com,BLOCKED,200,https,CONNECT,,/127.0.0.1,50284,chat.google.com/142.250.183.174,443,com.xk72.proxy.ProxyAbortException: Blocked CONNECT https://chat.google.com - connection dropped,01 Nov 2023 12:34:14,,,01 Nov 2023 12:34:14,136,51,32,,,,,0.0,,,,0,,,0,,,
https://chat.google.com,BLOCKED,200,https,CONNECT,,/127.0.0.1,50286,chat.google.com/142.250.183.174,443,com.xk72.proxy.ProxyAbortException: Blocked CONNECT https://chat.google.com - connection dropped,01 Nov 2023 12:34:14,,,01 Nov 2023 12:34:14,30,3,23,,,,,0.0,,,,0,,,0,,,
https://chat.google.com,BLOCKED,200,https,CONNECT,,/127.0.0.1,50288,chat.google.com/142.250.183.174,443,com.xk72.proxy.ProxyAbortException: Blocked CONNECT https://chat.google.com - connection dropped,01 Nov 2023 12:34:14,,,01 Nov 2023 12:34:14,28,1,24,,,,,0.0,,,,0,,,0,,,
https://music.youtube.com,BLOCKED,200,https,CONNECT,,/127.0.0.1,50290,music.youtube.com/172.217.160.174,443,com.xk72.proxy.ProxyAbortException: Blocked CONNECT https://music.youtube.com - connection dropped,01 Nov 2023 12:34:15,,,01 Nov 2023 12:34:15,27,3,22,,,,,0.0,,,,0,,,0,,,
https://music.youtube.com,BLOCKED,200,https,CONNECT,,/127.0.0.1,50292,music.youtube.com/172.217.174.78,443,com.xk72.proxy.ProxyAbortException: Blocked CONNECT https://music.youtube.com - connection dropped,01 Nov 2023 12:34:15,,,01 Nov 2023 12:34:16,26,2,22,,,,,0.0,,,,0,,,0,,,
https://music.youtube.com,BLOCKED,200,https,CONNECT,,/127.0.0.1,50294,music.youtube.com/172.217.174.78,443,com.xk72.proxy.ProxyAbortException: Blocked CONNECT https://music.youtube.com - connection dropped,01 Nov 2023 12:34:16,,,01 Nov 2023 12:34:16,25,2,22,,,,,0.0,,,,0,,,0,,,
https://rr5---sn-cvh7knll.gvt1.com,COMPLETE,200,https,CONNECT,,/192.168.1.174,49100,rr5---sn-cvh7knll.gvt1.com/74.125.169.170,443,,01 Nov 2023 12:34:17,,,01 Nov 2023 12:34:18,964,359,25,104,,,,370.01758,,,1040,0,850,260,0,363108,,
https://rr1---sn-cvh76nlk.gvt1.com,COMPLETE,200,https,CONNECT,,/192.168.1.174,49108,rr1---sn-cvh76nlk.gvt1.com/172.217.136.102,443,,01 Nov 2023 12:34:19,,,01 Nov 2023 12:34:20,1595,1,22,48,,,,4727.2627,,,1040,0,929,260,0,7718715,,
https://rr2---sn-cvh7knll.gvt1.com,COMPLETE,200,https,CONNECT,,/192.168.1.174,57990,rr2---sn-cvh7knll.gvt1.com/74.125.169.167,443,,01 Nov 2023 12:34:27,,,01 Nov 2023 12:34:38,10540,329,35,210,,,,6413.9756,,,1040,0,928,260,0,69223557,,
https://rr2---sn-cvh76nl7.gvt1.com,COMPLETE,200,https,CONNECT,,/192.168.1.174,52228,rr2---sn-cvh76nl7.gvt1.com/173.194.14.231,443,,01 Nov 2023 12:34:38,,,01 Nov 2023 12:34:38,175,2,24,45,,,,144.54785,,,1040,0,915,260,0,23688,,
https://rr5---sn-cvh76nl6.gvt1.com,COMPLETE,200,https,CONNECT,,/192.168.1.174,52236,rr5---sn-cvh76nl6.gvt1.com/173.194.154.202,443,,01 Nov 2023 12:34:39,,,01 Nov 2023 12:34:39,331,100,22,38,,,,213.13477,,,1040,0,915,260,0,70026,,
https://rr3---sn-cvhelnls.gvt1.com,COMPLETE,200,https,CONNECT,,/192.168.1.174,52246,rr3---sn-cvhelnls.gvt1.com/172.217.141.136,443,,01 Nov 2023 12:34:39,,,01 Nov 2023 12:34:40,562,1,35,57,,,,4716.088,,,1040,0,910,260,0,2711842,,
https://rr2---sn-cvh76ner.gvt1.com,COMPLETE,200,https,CONNECT,,/192.168.1.174,52252,rr2---sn-cvh76ner.gvt1.com/74.125.169.71,443,,01 Nov 2023 12:34:40,,,01 Nov 2023 12:34:40,340,2,24,44,,,,1543.8125,,,1040,0,850,260,0,535344,,
https://music.youtube.com,BLOCKED,200,https,CONNECT,,/127.0.0.1,50303,music.youtube.com/142.250.183.206,443,com.xk72.proxy.ProxyAbortException: Blocked CONNECT https://music.youtube.com - connection dropped,01 Nov 2023 12:34:46,,,01 Nov 2023 12:34:46,28,1,23,,,,,0.0,,,,0,,,0,,,
https://music.youtube.com,BLOCKED,200,https,CONNECT,,/127.0.0.1,50305,music.youtube.com/142.250.183.14,443,com.xk72.proxy.ProxyAbortException: Blocked CONNECT https://music.youtube.com - connection dropped,01 Nov 2023 12:34:46,,,01 Nov 2023 12:34:46,25,1,23,,,,,0.0,,,,0,,,0,,,
https://music.youtube.com,BLOCKED,200,https,CONNECT,,/127.0.0.1,50307,music.youtube.com/142.250.183.14,443,com.xk72.proxy.ProxyAbortException: Blocked CONNECT https://music.youtube.com - connection dropped,01 Nov 2023 12:34:46,,,01 Nov 2023 12:34:46,24,2,22,,,,,0.0,,,,0,,,0,,,
https://rr4---sn-cvh76nl7.gvt1.com,COMPLETE,200,https,CONNECT,,/192.168.1.174,48216,rr4---sn-cvh76nl7.gvt1.com/173.194.14.233,443,,01 Nov 2023 12:34:48,,,01 Nov 2023 12:34:48,371,1,22,43,,,,454.0752,,,1040,0,850,260,0,170355,,
https://rr2---sn-cvh76nlk.gvt1.com,COMPLETE,200,https,CONNECT,,/192.168.1.174,48232,rr2---sn-cvh76nlk.gvt1.com/172.217.136.103,443,,01 Nov 2023 12:34:48,,,01 Nov 2023 12:34:49,690,2,23,50,,,,5182.7188,,,1040,0,928,260,0,3659674,,
